timestamp,updated,temperature,feels_like,wind_speed,humidity,pm25_french,pm25_eu,pm25_czech,pm25_yarmag
2025-09-30 00:18,"15:00, Нийслэл, Улаанбаатар",9,2,2,57,35,ERROR,39,36
2025-09-30 00:39,"15:00, Нийслэл, Улаанбаатар",9,2,2,57,35,ERROR,39,36
2025-09-30 01:15,"16:40, Нийслэл, Улаанбаатар",7,2,1,63,30,ERROR,36,47
2025-09-30 01:38,"17:30, Нийслэл, Улаанбаатар",7,2,1,63,30,ERROR,36,47
2025-09-30 02:24,"18:20, Нийслэл, Улаанбаатар",6,2,6,69,26,ERROR,37,47
2025-09-30 02:47,"18:40, Нийслэл, Улаанбаатар",6,2,1,68,26,ERROR,37,47
2025-09-30 03:14,"19:10, Нийслэл, Улаанбаатар",5,2,5,71,21,ERROR,24,47
2025-09-30 03:38,"19:30, Нийслэл, Улаанбаатар",6,2,1,68,21,ERROR,24,47
2025-09-30 04:18,"20:10, Нийслэл, Улаанбаатар",5,2,5,69,23,ERROR,29,47
2025-09-30 04:38,"20:10, Нийслэл, Улаанбаатар",5,2,5,69,23,ERROR,29,47
2025-09-30 05:16,"21:10, Нийслэл, Улаанбаатар",5,2,1,67,19,ERROR,24,47
2025-09-30 05:37,"21:10, Нийслэл, Улаанбаатар",5,2,1,67,19,ERROR,24,47
2025-09-30 06:15,"22:10, Нийслэл, Улаанбаатар",5,2,2,67,21,ERROR,27,47
2025-09-30 06:36,"22:20, Нийслэл, Улаанбаатар",5,2,1,68,21,ERROR,27,47
2025-10-06 19:50,"11:40, Нийслэл, Улаанбаатар",-1,2,4,68,14,ERROR,10,9
2025-10-06 20:28,"12:00, Нийслэл, Улаанбаатар",-1,-1,2,67,8.5,ERROR,7.7,6.8
2025-10-06 21:05,"13:00, Нийслэл, Улаанбаатар",-2,-2,2,67,8.5,ERROR,7.7,5.5
2025-10-06 21:13,"13:10, Нийслэл, Улаанбаатар",-2,-2,2,70,11,ERROR,7.7,5.5
2025-10-06 21:21,"13:20, Нийслэл, Улаанбаатар",-2,-2,2,71,11,ERROR,6.8,5.5
2025-10-06 21:29,"13:20, Нийслэл, Улаанбаатар",-2,-2,2,71,11,ERROR,6.8,5.5
2025-10-06 21:31,"13:20, Нийслэл, Улаанбаатар",-2,-4,2,71,11,ERROR,6.8,5.5
2025-10-06 21:33,"13:30, Нийслэл, Улаанбаатар",-2,-6,2,69,11,ERROR,6.8,5.5
2025-10-06 21:42,"13:40, Нийслэл, Улаанбаатар",-3,-3,1,69,11,ERROR,6.8,5.5
2025-10-06 21:51,"13:50, Нийслэл, Улаанбаатар",-2,-4,1,65,11,ERROR,6.8,5.5
2025-10-06 22:15,"14:10, Нийслэл, Улаанбаатар",-3,-5,1,66,9,ERROR,7,5.1
2025-10-06 22:36,"14:30, Нийслэл, Улаанбаатар",-3,-6,2,69,9,ERROR,7,5.1
2025-10-06 22:51,"14:40, Нийслэл, Улаанбаатар",-3,-3,1,69,9,ERROR,7,5.1
2025-10-06 23:16,"15:00, Нийслэл, Улаанбаатар",-3,-7,3,69,5,ERROR,5.5,5.1
2025-10-06 23:32,"15:30, Нийслэл, Улаанбаатар",-3,-8,4,70,5,ERROR,5.5,5.1
2025-10-06 23:51,"15:30, Нийслэл, Улаанбаатар",-3,-8,4,70,5,ERROR,5.5,5.1
2025-10-07 00:18,"16:10, Нийслэл, Улаанбаатар",-3,-7,2,68,7,ERROR,4,5.1
2025-10-07 00:46,"16:40, Нийслэл, Улаанбаатар",-4,-7,2,69,7,ERROR,4,5.1
2025-10-07 00:54,"16:50, Нийслэл, Улаанбаатар",-4,-8,2,71,7,ERROR,4,5.1
2025-10-07 01:15,"17:10, Нийслэл, Улаанбаатар",-4,-8,3,72,3,ERROR,3,5.1
2025-10-07 01:32,"17:30, Нийслэл, Улаанбаатар",-4,-4,0,72,3,ERROR,3,5.1
2025-10-07 01:42,"17:40, Нийслэл, Улаанбаатар",-4,-6,1,70,3,ERROR,3,5.1
2025-10-07 01:50,"17:40, Нийслэл, Улаанбаатар",-4,-6,1,70,3,ERROR,3,5.1
2025-10-07 02:22,"18:20, Нийслэл, Улаанбаатар",-4,-6,1,70,3,ERROR,3,5.1
2025-10-07 02:46,"18:40, Нийслэл, Улаанбаатар",-4,-4,1,67,3,ERROR,3,5.1
2025-10-07 03:11,"19:10, Нийслэл, Улаанбаатар",-4,-4,1,67,2,ERROR,3,5.1
2025-10-07 03:26,"19:20, Нийслэл, Улаанбаатар",-4,-7,2,64,2,ERROR,2,5.1
2025-10-07 03:37,"19:30, Нийслэл, Улаанбаатар",-4,-4,0,68,2,ERROR,2,5.1
2025-10-07 03:50,"19:40, Нийслэл, Улаанбаатар",-4,-7,2,69,2,ERROR,2,5.1
2025-10-07 04:16,"20:00, Нийслэл, Улаанбаатар",-4,-4,0,69,2,ERROR,2,5.1
2025-10-07 04:34,"20:30, Нийслэл, Улаанбаатар",-4,-4,1,70,2,ERROR,2,5.1
2025-10-07 04:49,"20:40, Нийслэл, Улаанбаатар",-4,-7,1,71,2,ERROR,2,5.1
2025-10-07 05:13,"21:10, Нийслэл, Улаанбаатар",-5,-7,1,71,2,ERROR,3,5.1
2025-10-07 05:28,"21:20, Нийслэл, Улаанбаатар",-5,-5,1,71,2,ERROR,3,5.1
2025-10-07 05:38,"21:30, Нийслэл, Улаанбаатар",-5,-9,2,71,2,ERROR,3,5.1
2025-10-07 05:49,"21:30, Нийслэл, Улаанбаатар",-5,-9,2,71,2,ERROR,3,5.1
2025-10-07 06:14,"22:10, Нийслэл, Улаанбаатар",-5,-8,1,76,3,ERROR,3,5.1
2025-10-07 06:32,"22:20, Нийслэл, Улаанбаатар",-5,-5,1,77,3,ERROR,3,5.1
2025-10-07 06:41,"22:20, Нийслэл, Улаанбаатар",-5,-5,1,77,3,ERROR,3,5.1
2025-10-07 06:51,"22:40, Нийслэл, Улаанбаатар",-6,-6,1,79,3,ERROR,3,5.1
2025-10-07 07:14,"23:10, Нийслэл, Улаанбаатар",-5,-8,1,76,6.4,ERROR,5.5,23.6
2025-10-07 07:29,"23:20, Нийслэл, Улаанбаатар",-5,-9,2,74,6.4,ERROR,5.5,23.6
2025-10-07 07:38,"23:30, Нийслэл, Улаанбаатар",-5,-8,1,73,6.4,ERROR,5.5,23.6
2025-10-07 07:51,"23:50, Нийслэл, Улаанбаатар",-5,-7,1,72,6.4,ERROR,5.5,23.6
2025-10-07 09:04,"01:00, Нийслэл, Улаанбаатар",-4,-7,2,67,13,ERROR,7.2,9
2025-10-07 10:01,"02:00, Нийслэл, Улаанбаатар",-3,-3,1,59,10,ERROR,9,17
2025-10-07 10:06,"02:00, Нийслэл, Улаанбаатар",-3,-3,1,59,10,ERROR,9,17
2025-10-07 10:38,"02:30, Нийслэл, Улаанбаатар",-2,-2,0,54,13,ERROR,11,9
2025-10-07 11:20,"03:10, Нийслэл, Улаанбаатар",0,-3,2,47,16,ERROR,13,9

2025-10-07 11:34,"03:30, Нийслэл, Улаанбаатар",-1,-1,1,45,16,ERROR,13,9
2025-10-07 11:47,"03:40, Нийслэл, Улаанбаатар",0,-2,1,44,16,ERROR,13,9
2025-10-07 12:18,"04:10, Нийслэл, Улаанбаатар",0,-2,2,41,13,ERROR,18,8
2025-10-07 12:40,"04:30, Нийслэл, Улаанбаатар",0,-2,2,37,13,ERROR,18,8
2025-10-07 12:50,"04:40, Нийслэл, Улаанбаатар",0,-2,2,37,13,ERROR,18,8
2025-10-07 13:13,"05:10, Нийслэл, Улаанбаатар",1,-2,3,34,9,ERROR,14,8
2025-10-07 13:33,"05:30, Нийслэл, Улаанбаатар",1,-1,2,32,9,ERROR,14,8
2025-10-07 13:43,"05:40, Нийслэл, Улаанбаатар",2,0,2,32,9,ERROR,14,8
2025-10-07 13:49,"05:40, Нийслэл, Улаанбаатар",2,0,2,32,9,ERROR,14,8
2025-10-07 14:21,"06:10, Нийслэл, Улаанбаатар",2,0,2,29,11,ERROR,14,5
2025-10-07 14:49,"06:30, Нийслэл, Улаанбаатар",2,0,2,26,11,ERROR,14,5
2025-10-07 15:22,"07:20, Нийслэл, Улаанбаатар",2,0,2,22,12,ERROR,15,5
2025-10-07 15:31,"07:30, Нийслэл, Улаанбаатар",2,0,4,21,12,ERROR,15,5
2025-10-07 15:41,"07:30, Нийслэл, Улаанбаатар",2,0,4,21,12,ERROR,15,5
2025-10-07 15:49,"07:30, Нийслэл, Улаанбаатар",2,0,4,21,12,ERROR,15,5
2025-10-07 16:19,"08:10, Нийслэл, Улаанбаатар",3,0,3,20,7,ERROR,8,6
2025-10-07 16:46,"08:40, Нийслэл, Улаанбаатар",3,1,1,24,7,ERROR,8,6
2025-10-07 16:56,"08:40, Нийслэл, Улаанбаатар",3,1,1,24,7,ERROR,8,6
2025-10-07 17:15,"09:10, Нийслэл, Улаанбаатар",2,0,2,21,12,ERROR,8,6
2025-10-07 17:35,"09:00, Нийслэл, Улаанбаатар",3,1,2,21,12,ERROR,17,6
2025-10-07 17:49,"09:40, Нийслэл, Улаанбаатар",2,2,1,20,12,ERROR,17,6
2025-10-07 18:14,"10:10, Нийслэл, Улаанбаатар",1,0,1,20,13,ERROR,16,6
2025-10-07 18:37,"10:30, Нийслэл, Улаанбаатар",1,0,2,24,13,ERROR,16,6
2025-10-07 18:50,"10:40, Нийслэл, Улаанбаатар",1,1,1,28,13,ERROR,16,6
2025-10-07 19:13,"11:10, Нийслэл, Улаанбаатар",1,-1,1,28,10,ERROR,10,7
2025-10-07 19:27,"11:20, Нийслэл, Улаанбаатар",0,-1,1,29,10,ERROR,10,7
2025-10-07 19:38,"11:30, Нийслэл, Улаанбаатар",0,0,1,28,10,ERROR,10,7
2025-10-07 19:48,"11:40, Нийслэл, Улаанбаатар",0,0,0,29,10,ERROR,10,7
2025-10-07 20:30,"12:00, Нийслэл, Улаанбаатар",0,0,0,37,8,ERROR,7,9
2025-10-07 21:06,"13:00, Нийслэл, Улаанбаатар",-1,-1,1,37,8,ERROR,7,13
2025-10-07 21:41,"13:40, Нийслэл, Улаанбаатар",0,-3,2,32,89,ERROR,7,13
2025-10-07 21:52,"13:50, Нийслэл, Улаанбаатар",0,-3,2,33,89,ERROR,7,13
2025-10-07 22:15,"14:10, Нийслэл, Улаанбаатар",-1,-3,1,34,107,ERROR,7,19
2025-10-07 22:36,"14:30, Нийслэл, Улаанбаатар",-1,-4,2,33,107,ERROR,128,19
2025-10-07 22:52,"14:50, Нийслэл, Улаанбаатар",-1,-4,2,34,107,ERROR,128,19
2025-10-07 23:15,"15:10, Нийслэл, Улаанбаатар",-1,-5,2,35,86,ERROR,91,29
2025-10-07 23:34,"15:30, Нийслэл, Улаанбаатар",-1,-5,2,36,86,ERROR,91,29
2025-10-07 23:52,"15:50, Нийслэл, Улаанбаатар",-2,-4,1,37,86,ERROR,91,29
2025-10-08 00:18,"16:10, Нийслэл, Улаанбаатар",-2,-5,2,37,68,ERROR,79,30
2025-10-08 00:46,"16:40, Нийслэл, Улаанбаатар",-2,-5,2,38,68,ERROR,79,30
2025-10-08 00:56,"16:50, Нийслэл, Улаанбаатар",-2,-6,3,38,68,ERROR,79,30
2025-10-08 01:14,"17:10, Нийслэл, Улаанбаатар",-2,-6,3,40,68,ERROR,79,48
2025-10-08 01:32,"17:30, Нийслэл, Улаанбаатар",-2,-6,2,39,68,ERROR,79,48
2025-10-08 01:42,"17:40, Нийслэл, Улаанбаатар",-2,-5,2,39,68,ERROR,79,48
2025-10-08 01:51,"17:40, Нийслэл, Улаанбаатар",-2,-5,2,39,68,ERROR,79,48
2025-10-08 02:22,"18:20, Нийслэл, Улаанбаатар",-2,-5,2,37,54,ERROR,73,56
2025-10-08 02:49,"18:40, Нийслэл, Улаанбаатар",-2,-7,3,36,54,ERROR,73,56
2025-10-08 03:11,"19:00, Нийслэл, Улаанбаатар",-2,-6,2,37,54,ERROR,39,56
2025-10-08 03:25,"19:20, Нийслэл, Улаанбаатар",-2,-6,2,38,27,ERROR,39,56
2025-10-08 03:37,"19:30, Нийслэл, Улаанбаатар",-2,-5,2,36,27,ERROR,39,56
2025-10-08 03:49,"19:40, Нийслэл, Улаанбаатар",-2,-6,2,37,,ERROR,39,56
2025-10-08 04:15,"20:10, Нийслэл, Улаанбаатар",-2,-6,2,37,23,ERROR,39,36
2025-10-08 04:34,"20:30, Нийслэл, Улаанбаатар",-2,-5,2,37,23,ERROR,13,36
2025-10-08 04:50,"20:40, Нийслэл, Улаанбаатар",-2,-5,2,37,23,ERROR,13,36
2025-10-08 05:13,"21:10, Нийслэл, Улаанбаатар",-2,-5,2,37,13,ERROR,7,23
2025-10-08 05:28,"21:20, Нийслэл, Улаанбаатар",-2,-5,2,36,13,ERROR,7,23
2025-10-08 05:38,"21:30, Нийслэл, Улаанбаатар",-2,-5,2,36,13,ERROR,7,23
2025-10-08 05:50,"21:40, Нийслэл, Улаанбаатар",-2,-5,2,36,13,ERROR,7,23
2025-10-08 06:14,"22:10, Нийслэл, Улаанбаатар",-2,-5,2,35,8,ERROR,7,13
2025-10-08 06:31,"22:30, Нийслэл, Улаанбаатар",-2,-5,2,35,8,ERROR,7,13
2025-10-08 06:50,"22:40, Нийслэл, Улаанбаатар",-2,-4,1,35,8,ERROR,7,13
2025-10-08 07:14,"23:10, Нийслэл, Улаанбаатар",-2,-6,3,35,9,ERROR,8,11
2025-10-08 07:27,"23:20, Нийслэл, Улаанбаатар",-2,-5,2,35,9,ERROR,8,11
2025-10-08 07:37,"23:30, Нийслэл, Улаанбаатар",-2,-5,2,35,9,ERROR,8,11
2025-10-08 07:50,"23:40, Нийслэл, Улаанбаатар",-1,-4,2,35,9,ERROR,8,11
2025-10-08 09:03,"01:00, Нийслэл, Улаанбаатар",1,0,1,29,13,ERROR,11,9
2025-10-08 10:36,"02:30, Нийслэл, Улаанбаатар",4,3,1,24,12,ERROR,11,16
2025-10-08 11:21,"03:20, Нийслэл, Улаанбаатар",5,3,3,21,12,ERROR,9,14
2025-10-08 11:46,"03:40, Нийслэл, Улаанбаатар",6,5,1,20,12,ERROR,9,14
2025-10-08 12:17,"04:10, Нийслэл, Улаанбаатар",7,4,3,20,9,ERROR,9,7
2025-10-08 12:43,"04:40, Нийслэл, Улаанбаатар",7,4,4,19,9,ERROR,8,7
2025-10-08 12:52,"04:50, Нийслэл, Улаанбаатар",8,5,5,19,9,ERROR,8,7
2025-10-08 13:14,"05:10, Нийслэл, Улаанбаатар",8,5,4,18,7,ERROR,4,4
2025-10-08 13:34,"05:30, Нийслэл, Улаанбаатар",8,6,4,18,7,ERROR,4,4
2025-10-08 13:50,"05:40, Нийслэл, Улаанбаатар",8,6,4,18,7,ERROR,4,4
2025-10-08 14:24,"06:20, Нийслэл, Улаанбаатар",9,6,4,17,7,ERROR,3,4
2025-10-08 14:49,"06:40, Нийслэл, Улаанбаатар",9,8,2,18,7,ERROR,3,4
2025-10-08 15:14,"07:10, Нийслэл, Улаанбаатар",10,9,1,17,8,ERROR,3,6
2025-10-08 15:29,"07:20, Нийслэл, Улаанбаатар",9,7,3,17,8,ERROR,3,6
2025-10-08 15:41,"07:40, Нийслэл, Улаанбаатар",10,9,2,17,8,ERROR,3,6
2025-10-08 15:48,"07:40, Нийслэл, Улаанбаатар",10,9,2,17,8,ERROR,3,6
2025-10-08 16:21,"08:10, Нийслэл, Улаанбаатар",10,9,2,16,6,ERROR,4,8
2025-10-08 16:46,"08:40, Нийслэл, Улаанбаатар",10,9,1,16,6,ERROR,4,8
2025-10-08 16:57,"08:50, Нийслэл, Улаанбаатар",10,9,2,16,6,ERROR,4,8
2025-10-08 17:19,"09:10, Нийслэл, Улаанбаатар",10,8,3,16,9,ERROR,10,11
2025-10-08 17:41,"09:40, Нийслэл, Улаанбаатар",9,8,2,17,9,ERROR,10,11
2025-10-08 17:50,"09:40, Нийслэл, Улаанбаатар",9,8,2,17,9,ERROR,10,11
2025-10-08 18:15,"10:10, Нийслэл, Улаанбаатар",8,8,1,19,9,ERROR,9,11
2025-10-08 18:36,"10:30, Нийслэл, Улаанбаатар",6,5,1,22,9,ERROR,9,11
2025-10-08 18:51,"10:40, Нийслэл, Улаанбаатар",6,4,2,23,9,ERROR,9,11
2025-10-08 19:13,"11:10, Нийслэл, Улаанбаатар",6,4,1,23,30,ERROR,21,22
2025-10-08 19:26,"11:20, Нийслэл, Улаанбаатар",5,4,1,25,30,ERROR,21,22
2025-10-08 19:37,"11:30, Нийслэл, Улаанбаатар",6,4,2,23,30,ERROR,21,22
2025-10-08 19:49,"11:40, Нийслэл, Улаанбаатар",5,5,0,24,30,ERROR,21,22
2025-10-08 20:29,"12:00, Нийслэл, Улаанбаатар",4,3,2,27,91,ERROR,21,18
2025-10-08 21:08,"13:00, Нийслэл, Улаанбаатар",2,2,0,32,91,ERROR,21,18
2025-10-08 21:41,"13:30, Нийслэл, Улаанбаатар",1,0,1,36,91,ERROR,21,41
2025-10-08 21:52,"13:50, Нийслэл, Улаанбаатар",1,0,2,37,91,ERROR,21,41
2025-10-08 22:14,"14:10, Нийслэл, Улаанбаатар",2,0,1,36,51,ERROR,26,39
2025-10-08 22:37,"14:30, Нийслэл, Улаанбаатар",1,0,1,37,51,ERROR,26,39
2025-10-08 22:53,"14:50, Нийслэл, Улаанбаатар",2,0,1,36,51,ERROR,26,39
2025-10-08 23:16,"15:10, Нийслэл, Улаанбаатар",1,0,2,38,51,ERROR,59,35
2025-10-08 23:36,"15:30, Нийслэл, Улаанбаатар",0,0,0,41,51,ERROR,59,35
2025-10-08 23:50,"15:40, Нийслэл, Улаанбаатар",0,0,0,42,51,ERROR,59,35
2025-10-09 00:19,"16:10, Нийслэл, Улаанбаатар",0,0,1,43,42,ERROR,58,38
2025-10-09 00:45,"16:40, Нийслэл, Улаанбаатар",0,-3,2,42,42,ERROR,58,38
2025-10-09 00:56,"16:50, Нийслэл, Улаанбаатар",0,-3,3,41,42,ERROR,58,38
2025-10-09 01:14,"17:10, Нийслэл, Улаанбаатар",0,-3,2,43,46,ERROR,49,42
2025-10-09 01:33,"17:30, Нийслэл, Улаанбаатар",0,-3,1,44,46,ERROR,49,42
2025-10-09 01:48,"17:30, Нийслэл, Улаанбаатар",0,-3,1,44,46,ERROR,49,42
2025-10-09 02:21,"18:10, Нийслэл, Улаанбаатар",0,-4,2,44,49,ERROR,41,38
2025-10-09 02:49,"18:40, Нийслэл, Улаанбаатар",0,-4,3,43,49,ERROR,41,38
2025-10-09 03:11,"19:10, Нийслэл, Улаанбаатар",-1,-3,1,45,47,ERROR,47,47
2025-10-09 03:25,"19:10, Нийслэл, Улаанбаатар",-1,-3,1,45,47,ERROR,47,47
2025-10-09 03:35,"19:10, Нийслэл, Улаанбаатар",-1,-3,1,45,47,ERROR,47,47
2025-10-09 03:50,"19:40, Нийслэл, Улаанбаатар",-1,-3,1,45,47,ERROR,47,47
2025-10-09 04:15,"20:10, Нийслэл, Улаанбаатар",-1,-4,2,45,20,ERROR,23,36
2025-10-09 04:34,"20:30, Нийслэл, Улаанбаатар",-1,-4,2,45,20,ERROR,23,36
2025-10-09 04:50,"20:40, Нийслэл, Улаанбаатар",-1,-5,2,45,20,ERROR,23,36
2025-10-09 05:15,"21:10, Нийслэл, Улаанбаатар",-1,-5,3,45,20,ERROR,20,32
2025-10-09 05:28,"21:20, Нийслэл, Улаанбаатар",-1,-6,4,44,20,ERROR,20,32
2025-10-09 05:38,"21:30, Нийслэл, Улаанбаатар",-1,-5,3,44,20,ERROR,20,32
2025-10-09 05:49,"21:40, Нийслэл, Улаанбаатар",-1,-4,2,44,20,ERROR,20,32
2025-10-09 06:14,"22:10, Нийслэл, Улаанбаатар",-1,-5,2,45,17,ERROR,17,29
2025-10-09 06:33,"22:30, Нийслэл, Улаанбаатар",-2,-5,2,47,17,ERROR,17,29
2025-10-09 06:48,"22:40, Нийслэл, Улаанбаатар",-2,-5,2,47,17,ERROR,17,29
2025-10-09 07:12,"23:10, Нийслэл, Улаанбаатар",-1,-5,2,45,23,ERROR,17,26
2025-10-09 07:28,"23:20, Нийслэл, Улаанбаатар",-1,-5,3,44,23,ERROR,24,26
2025-10-09 07:38,"23:30, Нийслэл, Улаанбаатар",-1,-5,3,44,23,ERROR,24,26
2025-10-09 07:49,"23:40, Нийслэл, Улаанбаатар",-1,-5,3,44,23,ERROR,24,26
2025-10-09 09:05,"01:00, Нийслэл, Улаанбаатар",0,-3,3,39,38,ERROR,24,42
2025-10-09 10:42,"02:30, Нийслэл, Улаанбаатар",5,3,1,29,25,ERROR,20,47
2025-10-09 11:25,"03:00, Нийслэл, Улаанбаатар",5,3,2,32,18,ERROR,17,47
2025-10-09 11:46,"03:40, Нийслэл, Улаанбаатар",7,6,1,24,18,ERROR,17,47
2025-10-09 12:17,"04:00, Нийслэл, Улаанбаатар",8,6,3,20,13,ERROR,16,47
2025-10-09 12:42,"04:40, Нийслэл, Улаанбаатар",9,9,1,21,13,ERROR,16,47
2025-10-09 12:52,"04:40, Нийслэл, Улаанбаатар",9,9,1,21,13,ERROR,16,47
2025-10-09 13:16,"05:00, Нийслэл, Улаанбаатар",9,9,1,19,12,ERROR,12,22
2025-10-09 13:33,"05:30, Нийслэл, Улаанбаатар",9,9,1,18,12,ERROR,12,22
2025-10-09 13:50,"05:40, Нийслэл, Улаанбаатар",10,10,0,19,12,ERROR,12,22
2025-10-09 14:22,"06:10, Нийслэл, Улаанбаатар",10,10,0,18,7,ERROR,8,24
2025-10-09 14:51,"06:30, Нийслэл, Улаанбаатар",11,11,1,18,7,ERROR,8,24
2025-10-09 15:16,"07:10, Нийслэл, Улаанбаатар",11,11,1,17,7,ERROR,7,31
2025-10-09 15:31,"07:20, Нийслэл, Улаанбаатар",11,11,1,16,7,ERROR,7,31
2025-10-09 15:43,"07:20, Нийслэл, Улаанбаатар",11,11,1,16,7,ERROR,7,31
2025-10-09 15:50,"07:20, Нийслэл, Улаанбаатар",11,11,1,16,7,ERROR,7,31
2025-10-09 16:21,"08:10, Нийслэл, Улаанбаатар",11,10,1,15,10,ERROR,8,15
2025-10-09 16:45,"08:40, Нийслэл, Улаанбаатар",11,10,2,16,10,ERROR,8,15
2025-10-09 16:56,"08:50, Нийслэл, Улаанбаатар",10,10,1,16,10,ERROR,8,15
2025-10-09 17:23,"09:10, Нийслэл, Улаанбаатар",10,10,1,17,7,ERROR,6,10
2025-10-09 17:39,"09:30, Нийслэл, Улаанбаатар",10,10,1,17,7,ERROR,6,10
2025-10-09 17:50,"09:40, Нийслэл, Улаанбаатар",10,9,2,17,7,ERROR,6,10
2025-10-09 18:17,"10:00, Нийслэл, Улаанбаатар",10,9,1,18,10,ERROR,10,12
2025-10-09 18:39,"10:00, Нийслэл, Улаанбаатар",10,9,1,18,10,ERROR,10,12
2025-10-09 18:50,"10:40, Нийслэл, Улаанбаатар",8,7,2,21,10,ERROR,10,12
2025-10-09 19:12,"11:10, Нийслэл, Улаанбаатар",8,6,2,21,14,ERROR,10,11
2025-10-09 19:28,"11:20, Нийслэл, Улаанбаатар",7,7,1,22,14,ERROR,14,11
2025-10-09 19:38,"11:20, Нийслэл, Улаанбаатар",7,7,1,22,14,ERROR,14,11
2025-10-09 19:49,"11:20, Нийслэл, Улаанбаатар",7,7,1,22,14,ERROR,14,11
2025-10-09 20:28,"12:00, Нийслэл, Улаанбаатар",7,5,3,23,24,ERROR,22,10
2025-10-09 21:06,"13:00, Нийслэл, Улаанбаатар",6,4,3,23,26,ERROR,22,19
2025-10-09 21:40,"13:30, Нийслэл, Улаанбаатар",6,4,3,24,26,ERROR,26,19
2025-10-09 21:52,"13:50, Нийслэл, Улаанбаатар",6,4,2,24,26,ERROR,26,19
2025-10-09 22:15,"14:10, Нийслэл, Улаанбаатар",6,5,1,24,26,ERROR,26,20
2025-10-09 22:35,"14:20, Нийслэл, Улаанбаатар",6,4,3,24,26,ERROR,26,20
2025-10-09 23:20,"15:10, Нийслэл, Улаанбаатар",5,3,2,27,26,ERROR,55,19
2025-10-09 23:33,"15:00, Нийслэл, Улаанбаатар",6,5,2,29,26,ERROR,55,19
2025-10-09 23:44,"15:40, Нийслэл, Улаанбаатар",4,2,2,30,26,ERROR,55,19
2025-10-10 00:00,"15:50, Нийслэл, Улаанбаатар",4,2,2,30,26,ERROR,55,19
2025-10-10 00:29,"16:20, Нийслэл, Улаанбаатар",4,2,2,29,56,ERROR,44,20
2025-10-10 00:50,"16:40, Нийслэл, Улаанбаатар",4,2,2,28,56,ERROR,44,20
2025-10-10 01:14,"17:10, Нийслэл, Улаанбаатар",4,4,0,29,20,ERROR,18,20
2025-10-10 01:32,"17:30, Нийслэл, Улаанбаатар",4,0,3,31,20,ERROR,18,20
2025-10-10 01:49,"17:40, Нийслэл, Улаанбаатар",4,2,2,30,20,ERROR,18,20
2025-10-10 02:19,"18:10, Нийслэл, Улаанбаатар",3,2,1,34,48,ERROR,63,29
2025-10-10 02:47,"18:40, Нийслэл, Улаанбаатар",2,2,1,38,48,ERROR,63,29
2025-10-10 03:12,"19:10, Нийслэл, Улаанбаатар",1,1,0,42,28,ERROR,31,32
2025-10-10 03:25,"19:20, Нийслэл, Улаанбаатар",1,0,1,41,28,ERROR,31,32
2025-10-10 03:36,"19:30, Нийслэл, Улаанбаатар",1,1,0,42,28,ERROR,31,32
2025-10-10 03:49,"19:30, Нийслэл, Улаанбаатар",1,1,0,42,28,ERROR,31,32
2025-10-10 04:17,"20:10, Нийслэл, Улаанбаатар",0,-1,2,42,22,ERROR,23,28
2025-10-10 04:41,"20:30, Нийслэл, Улаанбаатар",0,0,1,46,22,ERROR,23,28
2025-10-10 04:50,"20:40, Нийслэл, Улаанбаатар",0,-1,1,47,22,ERROR,23,28
2025-10-10 05:14,"21:10, Нийслэл, Улаанбаатар",0,-3,3,45,14,ERROR,23,21
2025-10-10 05:29,"21:20, Нийслэл, Улаанбаатар",0,-2,2,44,14,ERROR,13,21
2025-10-10 05:39,"21:30, Нийслэл, Улаанбаатар",0,-3,3,45,14,ERROR,13,21
2025-10-10 05:50,"21:40, Нийслэл, Улаанбаатар",0,-1,1,45,14,ERROR,13,21
2025-10-10 06:13,"22:10, Нийслэл, Улаанбаатар",0,-1,2,45,16,ERROR,15,26
2025-10-10 06:32,"22:30, Нийслэл, Улаанбаатар",0,0,1,45,16,ERROR,15,26
2025-10-10 06:49,"22:40, Нийслэл, Улаанбаатар",0,-2,2,47,16,ERROR,15,26
2025-10-10 07:12,"23:10, Нийслэл, Улаанбаатар",0,-2,1,50,23,ERROR,21,23
2025-10-10 07:28,"23:20, Нийслэл, Улаанбаатар",0,-2,1,50,23,ERROR,21,23
2025-10-10 07:36,"23:30, Нийслэл, Улаанбаатар",0,0,1,52,23,ERROR,21,23
2025-10-10 07:49,"23:40, Нийслэл, Улаанбаатар",0,-2,1,50,23,ERROR,21,23
2025-10-10 09:03,"01:00, Нийслэл, Улаанбаатар",1,0,2,42,30,ERROR,24,27
2025-10-10 10:29,"02:20, Нийслэл, Улаанбаатар",3,3,1,37,28,ERROR,22,28
2025-10-10 10:41,"02:30, Нийслэл, Улаанбаатар",3,3,1,37,28,ERROR,22,28
2025-10-10 11:23,ERROR,ERROR,ERROR,ERROR,ERROR,46,ERROR,27,35
2025-10-10 11:48,"03:40, Нийслэл, Улаанбаатар",6,5,2,32,46,ERROR,27,35
2025-10-10 12:16,"04:10, Нийслэл, Улаанбаатар",8,5,4,32,46,ERROR,43,39
2025-10-10 12:43,"04:40, Нийслэл, Улаанбаатар",8,4,5,29,56,ERROR,43,39
2025-10-10 12:50,"04:40, Нийслэл, Улаанбаатар",8,4,5,29,56,ERROR,43,39
2025-10-10 13:14,"05:10, Нийслэл, Улаанбаатар",8,6,4,30,26,ERROR,28,39
2025-10-10 13:33,"05:30, Нийслэл, Улаанбаатар",8,6,4,29,26,ERROR,28,39
2025-10-10 13:49,"05:40, Нийслэл, Улаанбаатар",8,5,4,29,26,ERROR,28,39
2025-10-10 14:23,"06:20, Нийслэл, Улаанбаатар",7,5,4,32,17,ERROR,22,9
2025-10-10 14:48,"06:40, Нийслэл, Улаанбаатар",7,5,3,34,17,ERROR,22,9
2025-10-10 15:16,"07:10, Нийслэл, Улаанбаатар",6,3,4,36,10,ERROR,12,7
2025-10-10 15:31,"07:20, Нийслэл, Улаанбаатар",7,4,4,36,10,ERROR,12,7
2025-10-10 15:41,"07:30, Нийслэл, Улаанбаатар",6,3,4,36,10,ERROR,12,7
2025-10-10 15:50,"07:40, Нийслэл, Улаанбаатар",6,4,3,37,10,ERROR,12,7
2025-10-10 16:19,"08:10, Нийслэл, Улаанбаатар",6,2,5,37,8,ERROR,9,9
2025-10-10 16:44,"08:40, Нийслэл, Улаанбаатар",5,3,2,40,8,ERROR,9,9
2025-10-10 16:55,"08:50, Нийслэл, Улаанбаатар",5,2,3,41,8,ERROR,9,9
2025-10-10 17:17,"09:10, Нийслэл, Улаанбаатар",4,1,4,42,10,ERROR,10,9
2025-10-10 17:40,"09:30, Нийслэл, Улаанбаатар",4,1,3,43,10,ERROR,10,9
2025-10-10 17:49,"09:40, Нийслэл, Улаанбаатар",4,0,4,45,10,ERROR,10,9
2025-10-10 18:16,"10:10, Нийслэл, Улаанбаатар",2,0,3,47,9,ERROR,10,9
2025-10-10 18:37,"10:30, Нийслэл, Улаанбаатар",2,0,1,50,9,ERROR,10,9
2025-10-10 18:49,"10:40, Нийслэл, Улаанбаатар",1,1,1,51,9,ERROR,10,9
2025-10-10 19:12,"11:10, Нийслэл, Улаанбаатар",1,-2,3,54,16,ERROR,10,11
2025-10-10 19:28,"11:20, Нийслэл, Улаанбаатар",1,-2,3,55,16,ERROR,12,11
2025-10-10 19:36,"11:30, Нийслэл, Улаанбаатар",1,-1,2,56,16,ERROR,12,11
2025-10-10 19:50,"11:40, Нийслэл, Улаанбаатар",1,-1,1,56,16,ERROR,12,11
2025-10-10 20:30,"12:00, Нийслэл, Улаанбаатар",0,-1,2,58,12,ERROR,14,16
2025-10-10 21:06,"13:00, Нийслэл, Улаанбаатар",0,-2,2,60,15,ERROR,14,16
2025-10-10 21:39,"13:30, Нийслэл, Улаанбаатар",0,-1,1,59,15,ERROR,13,9
2025-10-10 21:50,"13:40, Нийслэл, Улаанбаатар",0,-2,1,61,15,ERROR,13,9
2025-10-10 22:14,"14:10, Нийслэл, Улаанбаатар",-1,-1,0,65,21,ERROR,13,14
2025-10-10 22:35,"14:30, Нийслэл, Улаанбаатар",-1,-1,1,66,21,ERROR,21,14
2025-10-10 22:51,"14:40, Нийслэл, Улаанбаатар",-1,-3,1,66,21,ERROR,21,14
2025-10-10 23:14,"15:10, Нийслэл, Улаанбаатар",-1,-4,2,70,29,ERROR,24,34
2025-10-10 23:32,"15:30, Нийслэл, Улаанбаатар",-2,-4,1,72,29,ERROR,24,34
2025-10-10 23:48,"15:40, Нийслэл, Улаанбаатар",-2,-4,1,71,29,ERROR,24,34
2025-10-11 00:17,"16:10, Нийслэл, Улаанбаатар",-2,-2,1,72,23,ERROR,24,32
2025-10-11 00:45,"16:40, Нийслэл, Улаанбаатар",-3,-3,0,73,23,ERROR,27,32
2025-10-11 00:54,"16:50, Нийслэл, Улаанбаатар",-2,-2,1,72,23,ERROR,27,32
2025-10-11 01:13,"17:10, Нийслэл, Улаанбаатар",-3,-3,1,73,14,ERROR,13,35
2025-10-11 01:31,"17:30, Нийслэл, Улаанбаатар",-3,-3,0,74,14,ERROR,13,35
2025-10-11 01:46,"17:30, Нийслэл, Улаанбаатар",-3,-3,0,74,14,ERROR,13,35
2025-10-11 02:20,"17:30, Нийслэл, Улаанбаатар",-3,-3,0,74,13,ERROR,11,30
2025-10-11 02:47,"18:30, Нийслэл, Улаанбаатар",-3,-3,1,75,13,ERROR,11,30
2025-10-11 02:56,"18:50, Нийслэл, Улаанбаатар",-4,-4,0,77,13,ERROR,11,30
2025-10-11 03:12,"19:10, Нийслэл, Улаанбаатар",-5,-5,0,78,14,ERROR,13,30
2025-10-11 03:26,"19:10, Нийслэл, Улаанбаатар",-5,-5,0,78,14,ERROR,13,27
2025-10-11 03:37,"19:30, Нийслэл, Улаанбаатар",-5,-5,0,78,14,ERROR,13,27
2025-10-11 03:49,"19:30, Нийслэл, Улаанбаатар",-5,-5,0,78,14,ERROR,13,27
2025-10-11 04:16,"19:30, Нийслэл, Улаанбаатар",-5,-5,0,78,15,ERROR,16,14.6
2025-10-11 04:34,"20:30, Нийслэл, Улаанбаатар",-5,-7,1,80,15,ERROR,16,14.6
2025-10-11 04:48,"20:40, Нийслэл, Улаанбаатар",-4,-4,1,78,15,ERROR,16,14.6
2025-10-11 05:13,"20:40, Нийслэл, Улаанбаатар",-4,-4,1,78,17,ERROR,16,14.1
2025-10-11 05:27,"21:20, Нийслэл, Улаанбаатар",-5,-7,1,77,17,ERROR,17,14.1
2025-10-11 05:36,"21:30, Нийслэл, Улаанбаатар",-4,-4,1,76,17,ERROR,17,14.1
2025-10-11 05:50,"21:30, Нийслэл, Улаанбаатар",-4,-4,1,76,17,ERROR,17,14.1
2025-10-11 06:12,"22:00, Нийслэл, Улаанбаатар",-5,-5,1,76,16,ERROR,15,14.1
2025-10-11 06:30,"22:00, Нийслэл, Улаанбаатар",-5,-5,1,76,16,ERROR,15,13.3
2025-10-11 06:42,"22:30, Нийслэл, Улаанбаатар",-5,-8,1,73,16,ERROR,15,13.3
2025-10-11 06:49,"22:30, Нийслэл, Улаанбаатар",-5,-8,1,73,16,ERROR,15,13.3
2025-10-11 07:14,"22:50, Нийслэл, Улаанбаатар",-5,-5,1,73,21,ERROR,21,18
2025-10-11 07:28,"22:50, Нийслэл, Улаанбаатар",-5,-5,1,73,21,ERROR,21,18
2025-10-11 07:37,"23:30, Нийслэл, Улаанбаатар",-4,-7,1,69,21,ERROR,21,18
2025-10-11 07:50,"23:30, Нийслэл, Улаанбаатар",-4,-7,1,69,21,ERROR,21,18
2025-10-11 09:00,"00:30, Нийслэл, Улаанбаатар",-3,-7,3,61,29,ERROR,27,21
2025-10-11 10:19,"02:10, Нийслэл, Улаанбаатар",1,-1,2,50,23,ERROR,19,23
2025-10-11 11:07,"02:50, Нийслэл, Улаанбаатар",2,0,1,45,23,ERROR,19,16
2025-10-11 11:37,"03:00, Нийслэл, Улаанбаатар",2,0,3,43,19,ERROR,19,16
2025-10-11 11:49,"03:00, Нийслэл, Улаанбаатар",2,0,3,43,19,ERROR,19,16
2025-10-11 12:17,"04:10, Нийслэл, Улаанбаатар",5,3,1,38,16,ERROR,16,8
2025-10-11 12:40,"04:20, Нийслэл, Улаанбаатар",4,2,2,37,16,ERROR,16,8
2025-10-11 12:50,"04:40, Нийслэл, Улаанбаатар",6,5,1,34,16,ERROR,16,8
2025-10-11 13:14,"04:50, Нийслэл, Улаанбаатар",6,5,1,34,11,ERROR,11,10
2025-10-11 13:32,"04:50, Нийслэл, Улаанбаатар",6,5,1,34,11,ERROR,11,10
2025-10-11 13:41,"04:50, Нийслэл, Улаанбаатар",6,5,1,34,11,ERROR,11,10
2025-10-11 13:51,"04:50, Нийслэл, Улаанбаатар",6,5,1,34,11,ERROR,11,10
2025-10-11 14:19,"06:00, Нийслэл, Улаанбаатар",8,8,1,29,7,ERROR,6,7
2025-10-11 14:44,"06:00, Нийслэл, Улаанбаатар",8,8,1,27,7,ERROR,6,7
2025-10-11 14:53,"06:00, Нийслэл, Улаанбаатар",8,8,1,27,7,ERROR,6,7
2025-10-11 15:12,"07:10, Нийслэл, Улаанбаатар",8,6,3,28,5,ERROR,4,8
2025-10-11 15:27,"07:10, Нийслэл, Улаанбаатар",8,6,3,28,5,ERROR,4,8
2025-10-11 15:36,"07:10, Нийслэл, Улаанбаатар",8,6,3,28,5,ERROR,4,8
2025-10-11 15:48,"07:10, Нийслэл, Улаанбаатар",8,6,3,28,5,ERROR,4,8
2025-10-11 16:18,"08:10, Нийслэл, Улаанбаатар",8,5,4,28,5,ERROR,5,8
2025-10-11 16:40,"08:10, Нийслэл, Улаанбаатар",8,5,4,28,5,ERROR,5,8
2025-10-11 16:49,"08:40, Нийслэл, Улаанбаатар",7,4,5,30,5,ERROR,5,8
2025-10-11 17:13,"09:10, Нийслэл, Улаанбаатар",8,6,2,31,5,ERROR,5,6
2025-10-11 17:29,"09:00, Нийслэл, Улаанбаатар",8,6,3,31,5,ERROR,5,6
2025-10-11 17:38,"09:00, Нийслэл, Улаанбаатар",8,6,3,31,5,ERROR,5,6
2025-10-11 17:50,"09:40, Нийслэл, Улаанбаатар",7,5,3,32,5,ERROR,5,6
2025-10-11 18:13,"10:00, Нийслэл, Улаанбаатар",7,6,2,33,6,ERROR,5,8
2025-10-11 18:32,"10:30, Нийслэл, Улаанбаатар",7,6,1,33,6,ERROR,5,8
2025-10-11 18:49,"10:30, Нийслэл, Улаанбаатар",7,6,1,33,6,ERROR,5,8
2025-10-11 19:11,"11:10, Нийслэл, Улаанбаатар",6,4,3,35,6,ERROR,14,8
2025-10-11 19:25,"11:10, Нийслэл, Улаанбаатар",6,4,3,35,14,ERROR,14,7
2025-10-11 19:36,"11:30, Нийслэл, Улаанбаатар",6,3,4,34,14,ERROR,14,7
2025-10-11 19:49,"11:30, Нийслэл, Улаанбаатар",6,3,4,34,14,ERROR,14,7
2025-10-11 20:26,"12:00, Нийслэл, Улаанбаатар",6,3,4,35,19,ERROR,17,17
2025-10-11 20:56,"12:30, Нийслэл, Улаанбаатар",7,4,3,34,19,ERROR,17,17
2025-10-11 21:21,"13:20, Нийслэл, Улаанбаатар",5,3,2,38,21,ERROR,17,10
2025-10-11 21:35,"13:30, Нийслэл, Улаанбаатар",5,2,3,38,21,ERROR,17,10
2025-10-11 21:50,"13:40, Нийслэл, Улаанбаатар",5,3,3,38,21,ERROR,17,10
2025-10-11 22:12,"14:10, Нийслэл, Улаанбаатар",5,2,3,39,13,ERROR,17,10
2025-10-11 22:28,"14:20, Нийслэл, Улаанбаатар",5,3,2,39,13,ERROR,14,10
2025-10-11 22:35,"14:20, Нийслэл, Улаанбаатар",5,3,2,39,13,ERROR,14,10
2025-10-11 22:48,"14:20, Нийслэл, Улаанбаатар",5,3,2,39,13,ERROR,14,10
2025-10-11 23:13,"15:10, Нийслэл, Улаанбаатар",4,1,4,40,11,ERROR,14,22
2025-10-11 23:27,"15:00, Нийслэл, Улаанбаатар",5,2,4,40,11,ERROR,12,22
2025-10-11 23:37,"15:00, Нийслэл, Улаанбаатар",5,2,4,40,11,ERROR,12,22
2025-10-11 23:49,"15:00, Нийслэл, Улаанбаатар",5,2,4,40,11,ERROR,12,22
2025-10-12 00:16,"16:10, Нийслэл, Улаанбаатар",3,1,2,43,10,ERROR,12,22
2025-10-12 00:33,"16:20, Нийслэл, Улаанбаатар",3,1,2,44,10,ERROR,10,15
2025-10-12 00:50,"16:40, Нийслэл, Улаанбаатар",3,1,1,45,10,ERROR,10,15
2025-10-12 01:12,"17:10, Нийслэл, Улаанбаатар",2,0,1,49,13,ERROR,10,15
2025-10-12 01:27,"17:10, Нийслэл, Улаанбаатар",2,0,1,49,13,ERROR,12,15
2025-10-12 01:37,"17:30, Нийслэл, Улаанбаатар",0,-4,6,55,13,ERROR,12,15
2025-10-12 01:49,"17:30, Нийслэл, Улаанбаатар",0,-4,6,55,13,ERROR,12,15
2025-10-12 02:16,"17:50, Нийслэл, Улаанбаатар",0,-5,5,57,15,ERROR,16,18
2025-10-12 02:42,"18:20, Нийслэл, Улаанбаатар",0,-5,4,58,15,ERROR,16,18
2025-10-12 02:50,"18:20, Нийслэл, Улаанбаатар",0,-5,4,58,15,ERROR,16,18
2025-10-12 03:09,"19:00, Нийслэл, Улаанбаатар",0,-3,2,58,8,ERROR,8,8
2025-10-12 03:21,"19:20, Нийслэл, Улаанбаатар",0,-2,1,58,,ERROR,8,8
2025-10-12 03:35,"19:20, Нийслэл, Улаанбаатар",0,-2,1,58,8,ERROR,8,8
2025-10-12 03:50,"19:20, Нийслэл, Улаанбаатар",0,-2,1,58,8,ERROR,8,8
2025-10-12 04:14,"20:10, Нийслэл, Улаанбаатар",-2,-7,5,62,6,ERROR,6,14
2025-10-12 04:30,"20:10, Нийслэл, Улаанбаатар",-2,-7,5,62,6,ERROR,6,14
2025-10-12 04:38,"20:30, Нийслэл, Улаанбаатар",-3,-7,3,67,6,ERROR,6,14
2025-10-12 04:50,"20:40, Нийслэл, Улаанбаатар",-3,-6,2,69,6,ERROR,6,14
2025-10-12 05:16,"21:10, Нийслэл, Улаанбаатар",-3,-10,6,74,7,ERROR,7,8
2025-10-12 05:26,"21:20, Нийслэл, Улаанбаатар",-3,-10,5,76,7,ERROR,7,8
2025-10-12 05:36,"21:30, Нийслэл, Улаанбаатар",-3,-9,4,76,7,ERROR,7,8
2025-10-12 05:50,"21:40, Нийслэл, Улаанбаатар",-3,-9,4,75,7,ERROR,7,8
2025-10-12 06:12,"22:10, Нийслэл, Улаанбаатар",-3,-6,1,71,16,ERROR,12,6.4
2025-10-12 06:30,"22:20, Нийслэл, Улаанбаатар",-3,-3,0,72,16,ERROR,12,6.4
2025-10-12 06:41,"22:30, Нийслэл, Улаанбаатар",-3,-3,0,74,16,ERROR,12,6.4
2025-10-12 06:50,"22:40, Нийслэл, Улаанбаатар",-3,-3,0,74,16,ERROR,12,6.4
2025-10-12 07:14,"23:10, Нийслэл, Улаанбаатар",-3,-3,0,76,12,ERROR,23,6.8
2025-10-12 07:27,"23:20, Нийслэл, Улаанбаатар",-3,-3,0,76,12,ERROR,23,6.8
2025-10-12 07:37,"23:30, Нийслэл, Улаанбаатар",-3,-3,0,76,12,ERROR,23,6.8
2025-10-12 07:49,"23:40, Нийслэл, Улаанбаатар",-3,-3,0,76,12,ERROR,23,6.8
2025-10-12 09:06,"00:50, Нийслэл, Улаанбаатар",-2,-2,1,73,20,ERROR,28,22
2025-10-12 10:41,"02:30, Нийслэл, Улаанбаатар",0,-4,3,67,40,ERROR,33,30
2025-10-12 11:27,"03:00, Нийслэл, Улаанбаатар",0,0,1,58,27,ERROR,26,17
2025-10-12 11:47,"03:40, Нийслэл, Улаанбаатар",2,0,2,57,27,ERROR,26,17
2025-10-12 12:18,"04:10, Нийслэл, Улаанбаатар",3,0,2,55,21,ERROR,22,16
2025-10-12 12:39,"04:30, Нийслэл, Улаанбаатар",2,0,3,55,21,ERROR,22,16
2025-10-12 12:49,"04:40, Нийслэл, Улаанбаатар",2,0,3,55,21,ERROR,22,16
2025-10-12 13:14,"05:10, Нийслэл, Улаанбаатар",3,0,3,50,20,ERROR,25,12
2025-10-12 13:31,"05:30, Нийслэл, Улаанбаатар",3,0,4,52,20,ERROR,25,12
2025-10-12 13:42,"05:40, Нийслэл, Улаанбаатар",2,0,3,53,20,ERROR,25,12
2025-10-12 13:49,"05:40, Нийслэл, Улаанбаатар",2,0,3,53,20,ERROR,25,12
2025-10-12 14:20,"06:10, Нийслэл, Улаанбаатар",3,-1,4,53,12,ERROR,12,11
2025-10-12 14:44,"06:40, Нийслэл, Улаанбаатар",3,0,3,53,12,ERROR,12,11
2025-10-12 14:53,"06:50, Нийслэл, Улаанбаатар",3,0,3,50,12,ERROR,12,11
2025-10-12 15:12,"07:10, Нийслэл, Улаанбаатар",3,0,3,50,,ERROR,13,10
2025-10-12 15:26,"07:20, Нийслэл, Улаанбаатар",4,0,3,49,10,ERROR,13,10
2025-10-12 15:36,"07:30, Нийслэл, Улаанбаатар",3,0,3,51,10,ERROR,13,10
2025-10-12 15:50,"07:40, Нийслэл, Улаанбаатар",2,0,4,54,10,ERROR,13,10
2025-10-12 16:17,"08:10, Нийслэл, Улаанбаатар",1,-3,6,58,8,ERROR,12,9
2025-10-12 16:42,"08:40, Нийслэл, Улаанбаатар",1,-2,3,59,8,ERROR,12,9
2025-10-12 16:50,"08:40, Нийслэл, Улаанбаатар",1,-2,3,59,8,ERROR,12,9
2025-10-12 17:14,"09:10, Нийслэл, Улаанбаатар",0,-3,4,56,8,ERROR,14,14
2025-10-12 17:29,"09:00, Нийслэл, Улаанбаатар",1,-2,4,58,13,ERROR,14,14
2025-10-12 17:38,"09:30, Нийслэл, Улаанбаатар",0,-3,3,59,13,ERROR,14,14
2025-10-12 17:50,"09:40, Нийслэл, Улаанбаатар",0,-2,2,57,13,ERROR,14,14
2025-10-12 18:13,"10:10, Нийслэл, Улаанбаатар",0,-2,2,58,11,ERROR,14,17
2025-10-12 18:33,"10:30, Нийслэл, Улаанбаатар",0,-2,1,58,11,ERROR,12,17
2025-10-12 18:50,"10:40, Нийслэл, Улаанбаатар",0,-2,1,59,11,ERROR,12,17
2025-10-12 19:12,"11:10, Нийслэл, Улаанбаатар",-1,-1,0,58,13,ERROR,12,23
2025-10-12 19:25,"11:20, Нийслэл, Улаанбаатар",-1,-2,1,56,13,ERROR,14,23
2025-10-12 19:37,"11:30, Нийслэл, Улаанбаатар",-1,-4,1,62,13,ERROR,14,23
2025-10-12 19:50,"11:40, Нийслэл, Улаанбаатар",-1,-4,1,68,13,ERROR,14,23
2025-10-12 20:26,"12:00, Нийслэл, Улаанбаатар",-2,-4,2,72,32,ERROR,28,18
2025-10-12 20:59,"12:50, Нийслэл, Улаанбаатар",-1,-3,1,64,32,ERROR,28,18
2025-10-12 21:22,"13:20, Нийслэл, Улаанбаатар",-1,-3,1,69,28,ERROR,30,51
2025-10-12 21:37,"13:30, Нийслэл, Улаанбаатар",-1,-5,3,69,28,ERROR,30,51
2025-10-12 21:50,"13:40, Нийслэл, Улаанбаатар",-2,-6,3,72,28,ERROR,30,51
2025-10-12 22:13,"14:10, Нийслэл, Улаанбаатар",-2,-2,0,73,22,ERROR,28,40
2025-10-12 22:29,"14:20, Нийслэл, Улаанбаатар",-2,-2,1,74,22,ERROR,28,40
2025-10-12 22:40,"14:30, Нийслэл, Улаанбаатар",-3,-5,1,74,22,ERROR,28,40
2025-10-12 22:50,"14:40, Нийслэл, Улаанбаатар",-3,-6,2,74,22,ERROR,28,40
2025-10-12 23:14,"15:10, Нийслэл, Улаанбаатар",-3,-6,2,74,16,ERROR,28,30
2025-10-12 23:28,"15:00, Нийслэл, Улаанбаатар",-3,-7,3,74,16,ERROR,10.7,30
2025-10-12 23:38,"15:00, Нийслэл, Улаанбаатар",-3,-7,3,74,16,ERROR,10.7,30
2025-10-12 23:49,"15:40, Нийслэл, Улаанбаатар",-3,-6,2,73,16,ERROR,10.7,30
2025-10-13 00:16,"16:10, Нийслэл, Улаанбаатар",-2,-7,3,73,16,ERROR,10.7,22
2025-10-13 00:36,"16:30, Нийслэл, Улаанбаатар",-3,-7,3,73,16,ERROR,9.8,22
2025-10-13 00:50,"16:40, Нийслэл, Улаанбаатар",-3,-7,2,73,16,ERROR,9.8,22
2025-10-13 01:11,"17:10, Нийслэл, Улаанбаатар",-3,-3,0,73,14,ERROR,9.8,22
2025-10-13 01:28,"17:20, Нийслэл, Улаанбаатар",-2,-2,0,72,14,ERROR,13,24
2025-10-13 01:38,"17:30, Нийслэл, Улаанбаатар",-2,-2,0,71,14,ERROR,13,24
2025-10-13 01:50,"17:40, Нийслэл, Улаанбаатар",-2,-2,0,72,14,ERROR,13,24
2025-10-13 02:19,"18:10, Нийслэл, Улаанбаатар",-2,-2,1,72,10,ERROR,8,23
2025-10-13 02:44,"18:40, Нийслэл, Улаанбаатар",-2,-2,0,71,10,ERROR,8,23
2025-10-13 02:51,"18:40, Нийслэл, Улаанбаатар",-2,-2,0,71,10,ERROR,8,23
2025-10-13 03:11,"19:10, Нийслэл, Улаанбаатар",-2,-2,0,70,11,ERROR,12,23
2025-10-13 03:23,"19:20, Нийслэл, Улаанбаатар",-2,-2,0,70,11,ERROR,12,23
2025-10-13 03:37,"19:30, Нийслэл, Улаанбаатар",-2,-2,0,70,11,ERROR,12,23
2025-10-13 03:48,"19:40, Нийслэл, Улаанбаатар",-2,-2,0,70,11,ERROR,12,23
2025-10-13 04:16,"20:10, Нийслэл, Улаанбаатар",-2,-2,0,69,10,ERROR,9,18
2025-10-13 04:32,"20:30, Нийслэл, Улаанбаатар",-2,-2,0,69,10,ERROR,9,18
2025-10-13 04:50,"20:40, Нийслэл, Улаанбаатар",-2,-2,0,68,10,ERROR,9,18
2025-10-13 05:12,"21:10, Нийслэл, Улаанбаатар",-2,-2,0,65,10,ERROR,9,18
2025-10-13 05:26,"21:20, Нийслэл, Улаанбаатар",-2,-2,1,65,10,ERROR,11,19
2025-10-13 05:35,"21:30, Нийслэл, Улаанбаатар",-2,-2,0,61,10,ERROR,11,19
2025-10-13 05:48,"21:40, Нийслэл, Улаанбаатар",-2,-2,1,63,10,ERROR,11,19
2025-10-13 06:14,"22:10, Нийслэл, Улаанбаатар",-2,-2,0,57,12,ERROR,11,21
2025-10-13 06:31,"22:30, Нийслэл, Улаанбаатар",-2,-4,1,59,12,ERROR,11,21
2025-10-13 06:42,"22:40, Нийслэл, Улаанбаатар",-2,-4,1,59,12,ERROR,11,21
2025-10-13 06:51,"22:40, Нийслэл, Улаанбаатар",-2,-4,1,59,12,ERROR,11,21
2025-10-13 07:14,"23:10, Нийслэл, Улаанбаатар",-2,-5,2,60,17,ERROR,15,19
2025-10-13 07:26,"23:20, Нийслэл, Улаанбаатар",-2,-5,2,60,17,ERROR,15,19
2025-10-13 07:37,"23:30, Нийслэл, Улаанбаатар",-2,-4,2,61,17,ERROR,15,19
2025-10-13 07:55,"23:50, Нийслэл, Улаанбаатар",-1,-5,2,61,17,ERROR,15,19
2025-10-13 09:08,"01:00, Нийслэл, Улаанбаатар",-1,-5,4,57,40,ERROR,20,19
2025-10-13 10:49,"02:40, Нийслэл, Улаанбаатар",1,-2,3,49,31,ERROR,25,25
2025-10-13 11:07,"03:00, Нийслэл, Улаанбаатар",2,0,2,47,31,ERROR,18,16
2025-10-13 11:39,"03:30, Нийслэл, Улаанбаатар",2,-1,5,44,39,ERROR,18,16
2025-10-13 11:59,"03:50, Нийслэл, Улаанбаатар",2,-1,5,44,39,ERROR,18,16
2025-10-13 12:25,"04:10, Нийслэл, Улаанбаатар",3,0,4,45,19,ERROR,16,7
2025-10-13 12:44,"04:30, Нийслэл, Улаанбаатар",3,0,3,46,19,ERROR,16,7
2025-10-13 12:52,"04:50, Нийслэл, Улаанбаатар",4,0,4,44,19,ERROR,16,7
2025-10-13 13:16,"05:10, Нийслэл, Улаанбаатар",3,0,4,48,8,ERROR,7,6
2025-10-13 13:34,"05:30, Нийслэл, Улаанбаатар",4,1,3,49,8,ERROR,7,6
2025-10-13 13:49,"05:40, Нийслэл, Улаанбаатар",3,-1,6,50,8,ERROR,7,6
2025-10-13 14:28,"06:00, Нийслэл, Улаанбаатар",4,0,6,52,8,ERROR,7,6
2025-10-13 14:50,"06:40, Нийслэл, Улаанбаатар",3,-1,6,54,8,ERROR,7,6
2025-10-13 15:16,"06:50, Нийслэл, Улаанбаатар",3,-1,5,54,8,ERROR,7,7
2025-10-13 15:33,"07:30, Нийслэл, Улаанбаатар",4,0,5,55,8,ERROR,7,7
2025-10-13 15:49,"07:30, Нийслэл, Улаанбаатар",4,0,5,55,8,ERROR,7,7
2025-10-13 16:22,"08:20, Нийслэл, Улаанбаатар",4,0,5,53,9,ERROR,7,6
2025-10-13 16:47,"08:30, Нийслэл, Улаанбаатар",4,0,4,55,9,ERROR,7,6
2025-10-13 17:17,"09:10, Нийслэл, Улаанбаатар",4,0,4,53,8,ERROR,7,7
2025-10-13 17:42,"09:40, Нийслэл, Улаанбаатар",3,0,3,55,8,ERROR,7,7
2025-10-13 17:51,"09:40, Нийслэл, Улаанбаатар",3,0,3,55,8,ERROR,7,7
2025-10-13 18:18,"10:10, Нийслэл, Улаанбаатар",3,0,2,54,9,ERROR,8,5
2025-10-13 18:44,"10:40, Нийслэл, Улаанбаатар",3,0,3,55,9,ERROR,8,5
2025-10-13 18:52,"10:50, Нийслэл, Улаанбаатар",3,0,3,55,,ERROR,8,5
2025-10-13 19:14,"11:10, Нийслэл, Улаанбаатар",2,-1,4,55,14,ERROR,13,5
2025-10-13 19:28,"11:20, Нийслэл, Улаанбаатар",2,0,3,56,14,ERROR,13,5
2025-10-13 19:37,"11:30, Нийслэл, Улаанбаатар",2,-1,4,56,14,ERROR,13,5
2025-10-13 19:50,"11:40, Нийслэл, Улаанбаатар",2,-1,4,57,14,ERROR,13,5
2025-10-13 20:29,"12:00, Нийслэл, Улаанбаатар",2,0,3,57,13,ERROR,13,9
2025-10-13 21:08,"13:00, Нийслэл, Улаанбаатар",1,-2,5,56,12,ERROR,11,7
2025-10-13 21:40,"13:30, Нийслэл, Улаанбаатар",1,-2,4,49,12,ERROR,11,7
2025-10-13 21:54,"13:50, Нийслэл, Улаанбаатар",1,-2,3,49,12,ERROR,11,7
2025-10-13 22:14,"14:10, Нийслэл, Улаанбаатар",1,-2,4,49,14,ERROR,11,6
2025-10-13 22:37,"14:30, Нийслэл, Улаанбаатар",0,-3,4,50,14,ERROR,15,6
2025-10-13 22:52,"14:50, Нийслэл, Улаанбаатар",0,-3,4,51,14,ERROR,15,6
2025-10-13 23:15,"15:10, Нийслэл, Улаанбаатар",0,-4,5,55,15,ERROR,15,5
2025-10-13 23:32,"15:00, Нийслэл, Улаанбаатар",0,-3,4,57,15,ERROR,14,5
2025-10-13 23:49,"15:40, Нийслэл, Улаанбаатар",0,-5,5,59,15,ERROR,14,5
2025-10-14 00:18,"16:00, Нийслэл, Улаанбаатар",0,-5,5,58,13,ERROR,11,3
2025-10-14 00:46,"16:40, Нийслэл, Улаанбаатар",0,-5,4,60,13,ERROR,11,3
2025-10-14 00:54,"16:50, Нийслэл, Улаанбаатар",0,-5,4,60,13,ERROR,11,3
2025-10-14 01:13,"17:10, Нийслэл, Улаанбаатар",0,-5,4,60,9,ERROR,8,4
2025-10-14 01:31,"17:30, Нийслэл, Улаанбаатар",0,-6,6,61,9,ERROR,8,4
2025-10-14 01:41,"17:40, Нийслэл, Улаанбаатар",0,-5,4,62,9,ERROR,8,4
2025-10-14 01:49,"17:40, Нийслэл, Улаанбаатар",0,-5,4,62,9,ERROR,8,4
2025-10-14 02:19,"18:10, Нийслэл, Улаанбаатар",-1,-5,4,62,9,ERROR,7,5
2025-10-14 02:47,"18:40, Нийслэл, Улаанбаатар",-1,-6,5,63,9,ERROR,7,5
2025-10-14 03:12,"19:10, Нийслэл, Улаанбаатар",-1,-7,5,64,6,ERROR,6,7
2025-10-14 03:24,"19:20, Нийслэл, Улаанбаатар",-1,-7,6,64,6,ERROR,6,7
2025-10-14 03:37,"19:30, Нийслэл, Улаанбаатар",-1,-5,3,64,6,ERROR,6,7
2025-10-14 03:48,"19:40, Нийслэл, Улаанбаатар",-1,-5,3,65,6,ERROR,6,7
2025-10-14 04:39,"20:30, Нийслэл, Улаанбаатар",-1,-6,4,66,8,ERROR,8,6
2025-10-14 04:50,"20:40, Нийслэл, Улаанбаатар",-1,-7,6,66,8,ERROR,8,6
2025-10-14 05:12,"21:10, Нийслэл, Улаанбаатар",-1,-7,6,66,7,ERROR,6,4
2025-10-14 05:28,"21:20, Нийслэл, Улаанбаатар",-1,-7,6,66,7,ERROR,6,4
2025-10-14 05:36,"21:30, Нийслэл, Улаанбаатар",-1,-7,5,67,7,ERROR,6,4
2025-10-14 05:48,"21:40, Нийслэл, Улаанбаатар",-1,-7,5,67,7,ERROR,6,4
2025-10-14 06:14,"22:10, Нийслэл, Улаанбаатар",-1,-8,7,65,7,ERROR,6,4
2025-10-14 06:32,"22:30, Нийслэл, Улаанбаатар",-2,-7,5,66,7,ERROR,6,4
2025-10-14 06:48,"22:40, Нийслэл, Улаанбаатар",-2,-8,6,66,7,ERROR,6,4
2025-10-14 07:14,"23:10, Нийслэл, Улаанбаатар",-2,-7,5,65,7,ERROR,6,4
2025-10-14 07:29,"23:20, Нийслэл, Улаанбаатар",-2,-7,5,65,7,ERROR,6,4
2025-10-14 07:38,"23:30, Нийслэл, Улаанбаатар",-2,-7,5,65,7,ERROR,6,4
2025-10-14 07:49,"23:40, Нийслэл, Улаанбаатар",-2,-8,6,64,7,ERROR,6,4
2025-10-14 09:03,"01:00, Нийслэл, Улаанбаатар",-1,-6,4,61,8,ERROR,8,4
2025-10-14 10:40,"02:30, Нийслэл, Улаанбаатар",-1,-1,0,76,9,ERROR,9,14
2025-10-14 11:25,"03:00, Нийслэл, Улаанбаатар",-1,-1,0,81,9,ERROR,8.5,16.7
2025-10-14 11:47,"03:40, Нийслэл, Улаанбаатар",-1,-1,1,84,9,ERROR,8.5,16.7
2025-10-14 12:18,"04:10, Нийслэл, Улаанбаатар",-1,-1,1,81,9,ERROR,11.1,23.6
2025-10-14 12:43,"04:40, Нийслэл, Улаанбаатар",-1,-4,2,80,9,ERROR,11.1,23.6
2025-10-14 12:51,"04:50, Нийслэл, Улаанбаатар",-1,-3,1,82,9,ERROR,11.1,23.6
2025-10-14 13:15,"05:10, Нийслэл, Улаанбаатар",0,-3,2,79,9,ERROR,21.9,26.6
2025-10-14 13:32,"05:30, Нийслэл, Улаанбаатар",0,0,1,80,9,ERROR,21.9,26.6
2025-10-14 13:49,"05:40, Нийслэл, Улаанбаатар",0,-2,1,79,9,ERROR,21.9,26.6
2025-10-14 14:22,"06:20, Нийслэл, Улаанбаатар",0,-2,1,75,9,ERROR,20.1,15.8
2025-10-14 14:49,"06:40, Нийслэл, Улаанбаатар",0,-3,2,74,9,ERROR,20.1,15.8
2025-10-14 15:15,"06:40, Нийслэл, Улаанбаатар",0,-3,2,74,9,ERROR,15,19
2025-10-14 15:30,"07:20, Нийслэл, Улаанбаатар",-1,-6,4,74,9,ERROR,15,19
2025-10-14 15:49,"07:40, Нийслэл, Улаанбаатар",-1,-7,5,75,9,ERROR,15,19
2025-10-14 16:19,"07:50, Нийслэл, Улаанбаатар",-2,-7,5,76,9,ERROR,14,12
2025-10-14 16:44,"07:50, Нийслэл, Улаанбаатар",-2,-7,5,76,9,ERROR,14,12
2025-10-14 16:56,"07:50, Нийслэл, Улаанбаатар",-2,-7,5,76,9,ERROR,14,12
2025-10-14 17:16,"09:10, Нийслэл, Улаанбаатар",-3,-7,3,73,9,ERROR,9,9
2025-10-14 17:41,"09:40, Нийслэл, Улаанбаатар",-3,-9,4,74,9,ERROR,9,9
2025-10-14 17:51,"09:40, Нийслэл, Улаанбаатар",-3,-9,4,74,9,ERROR,9,9
2025-10-14 18:17,"10:10, Нийслэл, Улаанбаатар",-3,-9,4,76,9,ERROR,8.1,8.5
2025-10-14 18:37,"10:30, Нийслэл, Улаанбаатар",-4,-8,3,77,9,ERROR,8.1,8.5
2025-10-14 18:52,"10:50, Нийслэл, Улаанбаатар",-4,-9,3,76,9,ERROR,8.1,8.5
2025-10-14 19:12,"11:10, Нийслэл, Улаанбаатар",-4,-9,3,77,9,ERROR,8.5,9.4
2025-10-14 19:26,"11:20, Нийслэл, Улаанбаатар",-4,-10,4,78,9,ERROR,8.5,9.4
2025-10-14 19:36,"11:30, Нийслэл, Улаанбаатар",-4,-10,5,78,9,ERROR,8.5,9.4
2025-10-14 19:49,"11:40, Нийслэл, Улаанбаатар",-4,-9,3,79,9,ERROR,8.5,9.4
2025-10-14 20:31,"12:30, Нийслэл, Улаанбаатар",-4,-9,3,77,9,ERROR,8.5,12
2025-10-14 21:08,"13:00, Нийслэл, Улаанбаатар",-5,-10,3,76,9,ERROR,8.5,12
2025-10-14 21:43,"13:40, Нийслэл, Улаанбаатар",-5,-11,4,78,9,ERROR,8.5,11.1
2025-10-14 21:53,"13:50, Нийслэл, Улаанбаатар",-5,-11,4,79,9,ERROR,8.5,11.1
2025-10-14 22:16,"14:10, Нийслэл, Улаанбаатар",-5,-11,4,80,9,ERROR,7.2,11.1
2025-10-14 22:39,"14:30, Нийслэл, Улаанбаатар",-5,-9,2,79,9,ERROR,7.2,11.1
2025-10-14 22:53,"14:50, Нийслэл, Улаанбаатар",-5,-10,3,77,9,ERROR,7.2,11.1
2025-10-14 23:18,"15:10, Нийслэл, Улаанбаатар",-5,-10,4,77,9,ERROR,7.2,8.5
2025-10-14 23:39,"15:30, Нийслэл, Улаанбаатар",-5,-8,2,77,9,ERROR,7.2,8.5
2025-10-14 23:49,"15:40, Нийслэл, Улаанбаатар",-5,-10,3,78,9,ERROR,7.2,8.5
2025-10-15 00:17,"16:10, Нийслэл, Улаанбаатар",-5,-8,2,76,9,ERROR,6.8,8.5
2025-10-15 00:46,"16:30, Нийслэл, Улаанбаатар",-5,-9,3,75,9,ERROR,6.8,8.5
2025-10-15 00:56,"16:50, Нийслэл, Улаанбаатар",-5,-8,2,72,9,ERROR,6.8,8.5
2025-10-15 01:15,"17:00, Нийслэл, Улаанбаатар",-5,-8,1,75,9,ERROR,6.4,9
2025-10-15 01:28,"17:00, Нийслэл, Улаанбаатар",-5,-8,1,75,9,ERROR,6.4,9
2025-10-15 01:38,"17:30, Нийслэл, Улаанбаатар",-5,-8,1,77,9,ERROR,6.4,9
2025-10-15 01:50,"17:40, Нийслэл, Улаанбаатар",-5,-7,1,76,9,ERROR,6.4,9
2025-10-15 02:22,"18:20, Нийслэл, Улаанбаатар",-5,-9,2,77,9,ERROR,6,9
2025-10-15 02:47,"18:40, Нийслэл, Улаанбаатар",-5,-9,2,76,9,ERROR,6,9
2025-10-15 03:13,"19:10, Нийслэл, Улаанбаатар",-5,-9,2,78,9,ERROR,6.4,7.2
2025-10-15 03:25,"19:20, Нийслэл, Улаанбаатар",-5,-10,3,77,9,ERROR,6.4,7.2
2025-10-15 03:35,"19:30, Нийслэл, Улаанбаатар",-5,-10,3,76,9,ERROR,6.4,7.2
2025-10-15 03:50,"19:40, Нийслэл, Улаанбаатар",-5,-9,2,77,9,ERROR,6.4,7.2
2025-10-15 04:15,"20:10, Нийслэл, Улаанбаатар",-5,-10,3,75,9,ERROR,6.4,6.4
2025-10-15 04:33,"20:30, Нийслэл, Улаанбаатар",-5,-11,3,76,9,ERROR,6.4,6.4
2025-10-15 04:50,"20:40, Нийслэл, Улаанбаатар",-5,-11,3,75,9,ERROR,6.4,6.4
2025-10-15 05:15,"21:10, Нийслэл, Улаанбаатар",-5,-11,4,75,9,ERROR,6,6
2025-10-15 05:28,"21:20, Нийслэл, Улаанбаатар",-5,-11,3,75,9,ERROR,6,6
2025-10-15 05:38,"21:30, Нийслэл, Улаанбаатар",-5,-10,2,74,9,ERROR,6,6
2025-10-15 05:49,"21:40, Нийслэл, Улаанбаатар",-5,-10,3,75,9,ERROR,6,6
2025-10-15 06:15,"22:10, Нийслэл, Улаанбаатар",-5,-10,3,76,9,ERROR,6.4,6
2025-10-15 06:34,"22:30, Нийслэл, Улаанбаатар",-5,-9,2,75,9,ERROR,6.4,6
2025-10-15 06:49,"22:40, Нийслэл, Улаанбаатар",-5,-9,2,74,9,ERROR,6.4,6
2025-10-15 07:13,"23:10, Нийслэл, Улаанбаатар",-5,-10,3,74,9,ERROR,6.4,6.8
2025-10-15 07:28,"23:20, Нийслэл, Улаанбаатар",-5,-11,3,74,9,ERROR,6.4,6.8
2025-10-15 07:38,"23:30, Нийслэл, Улаанбаатар",-6,-10,3,75,9,ERROR,6.4,6.8
2025-10-15 07:50,"23:40, Нийслэл, Улаанбаатар",-5,-11,3,74,9,ERROR,6.4,6.8
2025-10-15 09:05,"01:00, Нийслэл, Улаанбаатар",-5,-9,3,71,9,ERROR,8.5,22
2025-10-15 10:43,"01:30, Нийслэл, Улаанбаатар",-4,-4,1,65,9,ERROR,15,26
2025-10-15 11:29,"03:00, Нийслэл, Улаанбаатар",-3,-3,1,61,9,ERROR,18,31
2025-10-15 11:51,"03:50, Нийслэл, Улаанбаатар",-2,-2,0,59,9,ERROR,18,31
2025-10-15 12:18,"04:10, Нийслэл, Улаанбаатар",-2,-2,1,59,9,ERROR,23,26
2025-10-15 12:41,"04:40, Нийслэл, Улаанбаатар",-2,-2,1,58,9,ERROR,23,26
2025-10-15 12:52,"04:40, Нийслэл, Улаанбаатар",-2,-2,1,58,9,ERROR,23,26
2025-10-15 13:15,"05:00, Нийслэл, Улаанбаатар",-1,-1,0,58,9,ERROR,21,35
2025-10-15 13:34,"05:30, Нийслэл, Улаанбаатар",0,-3,2,58,9,ERROR,21,35
2025-10-15 13:50,"05:40, Нийслэл, Улаанбаатар",-1,-4,1,58,9,ERROR,21,35
2025-10-15 14:23,"06:20, Нийслэл, Улаанбаатар",-1,-5,2,61,9,ERROR,14,31
2025-10-15 14:48,"06:30, Нийслэл, Улаанбаатар",-1,-3,1,61,9,ERROR,14,31
2025-10-15 15:16,"06:30, Нийслэл, Улаанбаатар",-1,-3,1,61,9,ERROR,27,26
2025-10-15 15:33,"07:30, Нийслэл, Улаанбаатар",-1,-4,2,69,9,ERROR,27,26
2025-10-15 15:50,"07:30, Нийслэл, Улаанбаатар",-1,-4,2,69,9,ERROR,27,26
2025-10-15 16:20,"07:30, Нийслэл, Улаанбаатар",-1,-4,2,69,40,ERROR,34,34
2025-10-15 16:48,"08:30, Нийслэл, Улаанбаатар",-1,-1,0,66,40,ERROR,34,34
2025-10-15 17:15,"09:00, Нийслэл, Улаанбаатар",-1,-5,3,66,33,ERROR,26,42
2025-10-15 17:41,"09:00, Нийслэл, Улаанбаатар",-1,-5,3,72,33,ERROR,26,42
2025-10-15 17:51,"09:00, Нийслэл, Улаанбаатар",-1,-5,3,72,33,ERROR,26,42
2025-10-15 18:17,"09:00, Нийслэл, Улаанбаатар",-1,-5,3,72,27,ERROR,27,34
2025-10-15 18:45,"09:00, Нийслэл, Улаанбаатар",-1,-5,3,72,27,ERROR,27,34
2025-10-15 18:53,"09:00, Нийслэл, Улаанбаатар",-1,-5,3,72,27,ERROR,27,34
2025-10-15 19:13,"09:00, Нийслэл, Улаанбаатар",-1,-5,3,72,27,ERROR,27,15.8
2025-10-15 19:27,"09:00, Нийслэл, Улаанбаатар",-1,-5,3,72,27,ERROR,21.4,15.8
2025-10-15 19:37,"09:00, Нийслэл, Улаанбаатар",-1,-5,3,72,27,ERROR,21.4,15.8
2025-10-15 19:49,"09:00, Нийслэл, Улаанбаатар",-1,-5,3,72,27,ERROR,21.4,15.8
2025-10-15 20:30,"12:00, Нийслэл, Улаанбаатар",-3,-6,2,72,27,ERROR,19.3,22.7
2025-10-15 21:09,"13:00, Нийслэл, Улаанбаатар",-3,-6,2,79,27,ERROR,13.3,22.7
2025-10-15 21:43,"13:40, Нийслэл, Улаанбаатар",-3,-6,2,76,27,ERROR,13.3,18
2025-10-15 21:55,"13:40, Нийслэл, Улаанбаатар",-3,-6,2,76,27,ERROR,13.3,18
2025-10-15 22:17,"14:10, Нийслэл, Улаанбаатар",-3,-6,2,77,27,ERROR,13.7,28.7
2025-10-15 22:39,"14:30, Нийслэл, Улаанбаатар",-3,-6,1,78,27,ERROR,13.7,28.7
2025-10-15 22:54,"14:50, Нийслэл, Улаанбаатар",-3,-6,1,80,27,ERROR,13.7,28.7
2025-10-15 23:16,"15:10, Нийслэл, Улаанбаатар",-4,-7,2,81,27,ERROR,9.4,28.7
2025-10-15 23:32,"15:30, Нийслэл, Улаанбаатар",-4,-6,1,81,27,ERROR,9.4,27
2025-10-15 23:50,"15:40, Нийслэл, Улаанбаатар",-4,-4,0,81,27,ERROR,9.4,27
2025-10-16 00:15,"16:10, Нийслэл, Улаанбаатар",-3,-3,1,78,27,ERROR,12.4,23.2
2025-10-16 00:39,"16:30, Нийслэл, Улаанбаатар",-4,-4,1,79,27,ERROR,12.4,23.2
2025-10-16 00:54,"16:50, Нийслэл, Улаанбаатар",-4,-4,0,79,27,ERROR,12.4,23.2
2025-10-16 01:13,"17:10, Нийслэл, Улаанбаатар",-4,-4,0,81,27,ERROR,11.5,20.1
2025-10-16 01:31,"17:30, Нийслэл, Улаанбаатар",-4,-4,1,82,27,ERROR,11.5,20.1
2025-10-16 01:48,"17:40, Нийслэл, Улаанбаатар",-4,-4,0,82,27,ERROR,11.5,20.1
2025-10-16 02:21,"18:20, Нийслэл, Улаанбаатар",-4,-4,0,85,27,ERROR,10.7,15
2025-10-16 02:49,"18:40, Нийслэл, Улаанбаатар",-4,-4,0,85,27,ERROR,10.7,15
2025-10-16 03:14,"19:10, Нийслэл, Улаанбаатар",-4,-4,0,83,27,ERROR,10.7,13.3
2025-10-16 03:26,"19:20, Нийслэл, Улаанбаатар",-4,-4,0,84,27,ERROR,8.5,13.3
2025-10-16 03:36,"19:30, Нийслэл, Улаанбаатар",-4,-4,0,85,27,ERROR,8.5,13.3
2025-10-16 03:49,"19:40, Нийслэл, Улаанбаатар",-5,-5,0,87,27,ERROR,8.5,13.3
2025-10-16 04:17,"20:00, Нийслэл, Улаанбаатар",-5,-5,0,87,27,ERROR,7.2,13.3
2025-10-16 04:41,"20:40, Нийслэл, Улаанбаатар",-4,-4,1,87,27,ERROR,7.2,13.3
2025-10-16 04:52,"20:50, Нийслэл, Улаанбаатар",-5,-5,0,86,27,ERROR,7.2,13.3
2025-10-16 05:12,"21:10, Нийслэл, Улаанбаатар",-5,-5,0,87,27,ERROR,6.8,12.8
2025-10-16 05:29,"21:10, Нийслэл, Улаанбаатар",-5,-5,0,87,27,ERROR,6.8,12.8
2025-10-16 05:39,"21:30, Нийслэл, Улаанбаатар",-5,-5,0,87,27,ERROR,6.8,12.8
2025-10-16 05:49,"21:40, Нийслэл, Улаанбаатар",-5,-5,1,86,27,ERROR,6.8,12.8
2025-10-16 06:12,"22:10, Нийслэл, Улаанбаатар",-6,-11,3,82,27,ERROR,7.2,9
2025-10-16 06:30,"22:20, Нийслэл, Улаанбаатар",-6,-10,2,82,27,ERROR,7.2,9
2025-10-16 06:42,"22:40, Нийслэл, Улаанбаатар",-6,-9,1,81,27,ERROR,7.2,9
2025-10-16 06:51,"22:50, Нийслэл, Улаанбаатар",-6,-10,2,82,27,ERROR,7.2,9
2025-10-16 07:14,"23:10, Нийслэл, Улаанбаатар",-6,-11,2,82,27,ERROR,7.7,9
2025-10-16 07:28,"23:20, Нийслэл, Улаанбаатар",-6,-11,2,83,27,ERROR,7.7,9
2025-10-16 07:37,"23:20, Нийслэл, Улаанбаатар",-6,-11,2,83,27,ERROR,7.7,9
2025-10-16 07:51,"23:40, Нийслэл, Улаанбаатар",-7,-11,2,82,27,ERROR,7.7,9
2025-10-16 09:04,"00:50, Нийслэл, Улаанбаатар",-6,-10,2,83,27,ERROR,7.4,10.3
2025-10-16 10:43,"02:40, Нийслэл, Улаанбаатар",-6,-10,2,84,27,ERROR,11.1,18
2025-10-16 11:28,"03:00, Нийслэл, Улаанбаатар",-5,-9,2,81,27,ERROR,12.4,18.9
2025-10-16 11:51,"03:40, Нийслэл, Улаанбаатар",-5,-10,3,80,27,ERROR,12.4,18.9
2025-10-16 12:18,"04:10, Нийслэл, Улаанбаатар",-5,-11,4,79,27,ERROR,12.8,19.3
2025-10-16 12:41,"04:10, Нийслэл, Улаанбаатар",-5,-11,4,79,27,ERROR,12.8,19.3
2025-10-16 12:51,"04:50, Нийслэл, Улаанбаатар",-5,-11,4,78,27,ERROR,12.8,19.3
2025-10-16 13:15,"05:00, Нийслэл, Улаанбаатар",-5,-11,4,77,27,ERROR,10.7,12.8
2025-10-16 13:33,"05:30, Нийслэл, Улаанбаатар",-5,-11,4,75,27,ERROR,10.7,12.8
2025-10-16 13:49,"05:30, Нийслэл, Улаанбаатар",-5,-11,4,75,27,ERROR,10.7,12.8
2025-10-16 14:21,"06:20, Нийслэл, Улаанбаатар",-5,-11,4,73,27,ERROR,9.4,11.5
2025-10-16 14:48,"06:40, Нийслэл, Улаанбаатар",-6,-12,4,73,27,ERROR,9.4,11.5
2025-10-16 15:15,"07:10, Нийслэл, Улаанбаатар",-6,-13,5,74,27,ERROR,9,9.8
2025-10-16 15:32,"07:30, Нийслэл, Улаанбаатар",-6,-14,6,74,27,ERROR,9,9.8
2025-10-16 15:49,"07:40, Нийслэл, Улаанбаатар",-6,-13,5,75,27,ERROR,9,9.8
2025-10-16 16:22,ERROR,ERROR,ERROR,ERROR,ERROR,27,ERROR,10,9.8
2025-10-16 16:47,"07:50, Нийслэл, Улаанбаатар",-6,-13,4,75,27,ERROR,10,9.8
2025-10-16 17:16,"07:50, Нийслэл, Улаанбаатар",-6,-13,4,75,27,ERROR,9,8.1
2025-10-16 17:40,"07:50, Нийслэл, Улаанбаатар",-6,-13,4,75,27,ERROR,9,8.1
2025-10-16 17:51,"07:50, Нийслэл, Улаанбаатар",-6,-13,4,75,27,ERROR,9,8.1
2025-10-16 18:17,"07:50, Нийслэл, Улаанбаатар",-6,-13,4,75,27,ERROR,12,9
2025-10-16 18:44,"07:50, Нийслэл, Улаанбаатар",-6,-13,4,75,27,ERROR,12,9
2025-10-16 18:52,"07:50, Нийслэл, Улаанбаатар",-6,-13,4,75,27,ERROR,12,9
2025-10-16 19:14,"07:50, Нийслэл, Улаанбаатар",-6,-13,4,75,27,ERROR,11,10.7
2025-10-16 19:28,"07:50, Нийслэл, Улаанбаатар",-6,-13,4,75,27,ERROR,11,10.7
2025-10-16 19:38,"07:50, Нийслэл, Улаанбаатар",-6,-13,4,75,27,ERROR,11,10.7
2025-10-16 19:50,"07:50, Нийслэл, Улаанбаатар",-6,-13,4,75,27,ERROR,11,10.7
2025-10-16 20:31,"07:50, Нийслэл, Улаанбаатар",-6,-13,4,75,27,ERROR,11,21
2025-10-16 21:09,"13:00, Нийслэл, Улаанбаатар",-9,-16,5,69,27,ERROR,12,10.3
2025-10-16 21:43,"13:40, Нийслэл, Улаанбаатар",-9,-16,4,71,27,ERROR,12,10.3
2025-10-16 21:55,"13:40, Нийслэл, Улаанбаатар",-9,-16,4,71,27,ERROR,12,10.3
2025-10-16 22:16,"14:10, Нийслэл, Улаанбаатар",-9,-14,2,72,27,ERROR,8.1,15
2025-10-16 22:39,"14:30, Нийслэл, Улаанбаатар",-9,-16,4,69,27,ERROR,8.1,15
2025-10-16 22:54,"14:40, Нийслэл, Улаанбаатар",-9,-15,3,68,27,ERROR,8.1,15
2025-10-16 23:16,"15:10, Нийслэл, Улаанбаатар",-9,-16,4,69,27,ERROR,10,11.1
2025-10-16 23:40,"15:00, Нийслэл, Улаанбаатар",-9,-17,5,69,27,ERROR,10,11.1
2025-10-16 23:50,"15:40, Нийслэл, Улаанбаатар",-10,-16,3,68,27,ERROR,10,11.1
2025-10-17 00:19,"16:10, Нийслэл, Улаанбаатар",-9,-13,1,69,27,ERROR,7.2,11.1
2025-10-17 00:45,"16:40, Нийслэл, Улаанбаатар",-10,-14,1,72,27,ERROR,7.2,11.1
2025-10-17 00:56,"16:50, Нийслэл, Улаанбаатар",-10,-13,1,70,27,ERROR,7.2,11.1
2025-10-17 01:14,"17:10, Нийслэл, Улаанбаатар",-10,-10,0,71,27,ERROR,7.2,24
2025-10-17 01:32,"17:30, Нийслэл, Улаанбаатар",-10,-10,0,73,27,ERROR,7.2,24
2025-10-17 01:50,"17:40, Нийслэл, Улаанбаатар",-10,-10,0,72,27,ERROR,7.2,24
2025-10-17 02:20,"18:10, Нийслэл, Улаанбаатар",-10,-10,1,72,27,ERROR,8,18.9
2025-10-17 02:49,"18:40, Нийслэл, Улаанбаатар",-10,-10,0,71,27,ERROR,8,18.9
2025-10-17 03:12,"19:10, Нийслэл, Улаанбаатар",-10,-10,1,71,27,ERROR,7,19.3
2025-10-17 03:23,"19:20, Нийслэл, Улаанбаатар",-10,-14,1,72,27,ERROR,7,19.3
2025-10-17 03:35,"19:30, Нийслэл, Улаанбаатар",-11,-11,1,73,27,ERROR,7,19.3
2025-10-17 03:50,"19:40, Нийслэл, Улаанбаатар",-11,-14,1,74,27,ERROR,7,19.3
2025-10-17 04:16,"20:10, Нийслэл, Улаанбаатар",-11,-11,1,75,27,ERROR,7,16
2025-10-17 04:40,"20:30, Нийслэл, Улаанбаатар",-12,-12,1,76,27,ERROR,7,16
2025-10-17 04:50,"20:40, Нийслэл, Улаанбаатар",-12,-15,1,76,27,ERROR,7,16
2025-10-17 05:13,"21:10, Нийслэл, Улаанбаатар",-12,-12,1,73,27,ERROR,7,9.8
2025-10-17 05:27,"21:20, Нийслэл, Улаанбаатар",-12,-12,0,73,27,ERROR,7,9.8
2025-10-17 05:35,"21:30, Нийслэл, Улаанбаатар",-13,-13,0,73,27,ERROR,7,9.8
2025-10-17 05:50,"21:40, Нийслэл, Улаанбаатар",-12,-12,0,74,27,ERROR,7,9.8
2025-10-17 06:12,"22:10, Нийслэл, Улаанбаатар",-13,-13,1,73,27,ERROR,6.4,10.7
2025-10-17 06:29,"22:20, Нийслэл, Улаанбаатар",-13,-13,0,75,27,ERROR,6.4,10.7
2025-10-17 06:39,"22:30, Нийслэл, Улаанбаатар",-13,-13,1,75,27,ERROR,6.4,10.7
2025-10-17 06:49,"22:40, Нийслэл, Улаанбаатар",-13,-13,1,76,27,ERROR,6.4,10.7
2025-10-17 07:14,"23:10, Нийслэл, Улаанбаатар",-14,-14,0,78,27,ERROR,6.4,10.7
2025-10-17 07:26,"23:20, Нийслэл, Улаанбаатар",-14,-14,0,79,27,ERROR,7.2,10.7
2025-10-17 07:35,"23:30, Нийслэл, Улаанбаатар",-13,-13,0,78,27,ERROR,7.2,10.7
2025-10-17 07:49,"23:40, Нийслэл, Улаанбаатар",-13,-13,0,75,27,ERROR,7.2,10.7
2025-10-17 09:03,"01:00, Нийслэл, Улаанбаатар",-10,-10,0,60,27,ERROR,24,12
2025-10-17 10:40,"02:30, Нийслэл, Улаанбаатар",-9,-12,1,62,27,ERROR,29,35
2025-10-17 11:24,"03:20, Нийслэл, Улаанбаатар",-8,-8,1,57,27,ERROR,15,46
2025-10-17 11:49,"03:40, Нийслэл, Улаанбаатар",-7,-12,2,58,27,ERROR,15,46
2025-10-17 12:17,"04:10, Нийслэл, Улаанбаатар",-7,-10,1,57,27,ERROR,52,32
2025-10-17 12:43,"04:40, Нийслэл, Улаанбаатар",-7,-12,2,50,27,ERROR,52,32
2025-10-17 12:50,"04:40, Нийслэл, Улаанбаатар",-7,-12,2,50,27,ERROR,52,32
2025-10-17 13:15,"04:40, Нийслэл, Улаанбаатар",-7,-12,2,50,27,ERROR,38,14
2025-10-17 13:34,"05:30, Нийслэл, Улаанбаатар",-7,-13,3,52,27,ERROR,38,14
2025-10-17 13:48,"05:40, Нийслэл, Улаанбаатар",-7,-13,4,54,27,ERROR,38,14
2025-10-17 14:20,"06:10, Нийслэл, Улаанбаатар",-7,-13,4,53,27,ERROR,29,14
2025-10-17 14:48,"06:30, Нийслэл, Улаанбаатар",-7,-13,4,54,27,ERROR,29,14
2025-10-17 15:16,"06:50, Нийслэл, Улаанбаатар",-7,-12,3,56,27,ERROR,9,10
2025-10-17 15:31,"07:20, Нийслэл, Улаанбаатар",-7,-12,3,56,27,ERROR,9,10
2025-10-17 15:41,"07:20, Нийслэл, Улаанбаатар",-7,-12,3,56,27,ERROR,9,10
2025-10-17 15:50,"07:40, Нийслэл, Улаанбаатар",-7,-13,4,54,27,ERROR,9,10
2025-10-17 16:20,"08:10, Нийслэл, Улаанбаатар",-7,-14,4,53,27,ERROR,8,11
2025-10-17 16:47,"08:40, Нийслэл, Улаанбаатар",-8,-14,4,53,27,ERROR,8,11
2025-10-17 16:58,"08:50, Нийслэл, Улаанбаатар",-8,-14,4,53,27,ERROR,8,11
2025-10-17 17:17,"09:10, Нийслэл, Улаанбаатар",-8,-14,4,53,27,ERROR,8,11
2025-10-17 17:40,"09:30, Нийслэл, Улаанбаатар",-8,-15,4,53,27,ERROR,9,11
2025-10-17 17:50,"09:30, Нийслэл, Улаанбаатар",-8,-15,4,53,27,ERROR,9,11
2025-10-17 18:16,"10:10, Нийслэл, Улаанбаатар",-9,-16,4,57,27,ERROR,13,15
2025-10-17 18:37,"10:30, Нийслэл, Улаанбаатар",-9,-17,4,57,27,ERROR,13,15
2025-10-17 18:49,"10:30, Нийслэл, Улаанбаатар",-9,-17,4,57,27,ERROR,13,15
2025-10-17 19:14,"11:10, Нийслэл, Улаанбаатар",-10,-16,3,60,27,ERROR,30,23
2025-10-17 19:27,"11:20, Нийслэл, Улаанбаатар",-10,-17,3,61,27,ERROR,30,23
2025-10-17 19:36,"11:30, Нийслэл, Улаанбаатар",-10,-17,4,60,27,ERROR,30,23
2025-10-17 19:50,"11:40, Нийслэл, Улаанбаатар",-10,-17,3,61,27,ERROR,30,23
2025-10-17 20:30,"12:00, Нийслэл, Улаанбаатар",-11,-16,3,62,27,ERROR,37,36
2025-10-17 21:05,"13:00, Нийслэл, Улаанбаатар",-11,-17,2,63,27,ERROR,37,36
2025-10-17 21:37,"13:20, Нийслэл, Улаанбаатар",-11,-15,1,60,27,ERROR,21,36
2025-10-17 21:49,"13:40, Нийслэл, Улаанбаатар",-11,-16,2,62,27,ERROR,21,36
2025-10-17 22:15,"14:10, Нийслэл, Улаанбаатар",-11,-11,0,62,27,ERROR,43,35
2025-10-17 22:36,"14:30, Нийслэл, Улаанбаатар",-11,-11,0,64,27,ERROR,43,35
2025-10-17 22:49,"14:40, Нийслэл, Улаанбаатар",-11,-11,0,63,27,ERROR,43,35
2025-10-17 23:16,"15:10, Нийслэл, Улаанбаатар",-12,-12,0,69,27,ERROR,49,41
2025-10-17 23:33,"15:00, Нийслэл, Улаанбаатар",-11,-11,1,69,27,ERROR,49,41
2025-10-17 23:50,"15:40, Нийслэл, Улаанбаатар",-12,-12,1,71,27,ERROR,49,41
2025-10-18 00:16,"15:50, Нийслэл, Улаанбаатар",-13,-13,0,72,27,ERROR,53,33
2025-10-18 00:46,"16:40, Нийслэл, Улаанбаатар",-13,-13,1,71,27,ERROR,53,33
2025-10-18 00:56,"16:50, Нийслэл, Улаанбаатар",-13,-13,1,70,27,ERROR,53,33
2025-10-18 01:12,"17:10, Нийслэл, Улаанбаатар",-13,-13,0,72,27,ERROR,47,32
2025-10-18 01:29,"17:10, Нийслэл, Улаанбаатар",-13,-13,0,72,27,ERROR,47,32
2025-10-18 01:42,"17:40, Нийслэл, Улаанбаатар",-14,-14,1,73,27,ERROR,47,32
2025-10-18 01:49,"17:40, Нийслэл, Улаанбаатар",-14,-14,1,73,27,ERROR,47,32
2025-10-18 02:17,"18:10, Нийслэл, Улаанбаатар",-14,-17,1,69,27,ERROR,39,22.3
2025-10-18 02:44,"18:40, Нийслэл, Улаанбаатар",-14,-14,0,68,27,ERROR,39,22.3
2025-10-18 02:55,"18:50, Нийслэл, Улаанбаатар",-15,-15,0,70,27,ERROR,39,22.3
2025-10-18 03:11,"19:00, Нийслэл, Улаанбаатар",-15,-15,1,71,27,ERROR,23,21.9
2025-10-18 03:24,"19:20, Нийслэл, Улаанбаатар",-15,-19,1,72,27,ERROR,23,21.9
2025-10-18 03:35,"19:30, Нийслэл, Улаанбаатар",-14,-14,0,69,27,ERROR,23,21.9
2025-10-18 03:48,"19:40, Нийслэл, Улаанбаатар",-14,-14,1,71,27,ERROR,23,21.9
2025-10-18 04:15,"20:10, Нийслэл, Улаанбаатар",-15,-15,0,70,27,ERROR,11.5,21.9
2025-10-18 04:38,"20:30, Нийслэл, Улаанбаатар",-15,-15,0,72,27,ERROR,11.5,18
2025-10-18 04:49,"20:40, Нийслэл, Улаанбаатар",-15,-15,0,72,27,ERROR,11.5,18
2025-10-18 05:12,"21:10, Нийслэл, Улаанбаатар",-15,-15,1,71,27,ERROR,11.5,19.7
2025-10-18 05:27,"21:20, Нийслэл, Улаанбаатар",-15,-15,1,71,27,ERROR,41,19.7
2025-10-18 05:36,"21:30, Нийслэл, Улаанбаатар",-15,-15,1,71,27,ERROR,41,19.7
2025-10-18 05:48,"21:40, Нийслэл, Улаанбаатар",-15,-15,0,72,27,ERROR,41,19.7
2025-10-18 06:12,"22:00, Нийслэл, Улаанбаатар",-15,-15,0,73,27,ERROR,20,21.9
2025-10-18 06:30,"22:20, Нийслэл, Улаанбаатар",-15,-15,0,74,27,ERROR,20,21.9
2025-10-18 06:48,"22:40, Нийслэл, Улаанбаатар",-16,-16,0,75,27,ERROR,20,21.9
2025-10-18 07:12,"23:10, Нийслэл, Улаанбаатар",-15,-15,1,75,27,ERROR,18,24.4
2025-10-18 07:26,"23:20, Нийслэл, Улаанбаатар",-16,-16,0,75,27,ERROR,18,24.4
2025-10-18 07:36,"23:30, Нийслэл, Улаанбаатар",-16,-16,0,75,27,ERROR,18,24.4
2025-10-18 07:49,"23:30, Нийслэл, Улаанбаатар",-16,-16,0,75,27,ERROR,18,24.4
2025-10-18 09:01,"00:50, Нийслэл, Улаанбаатар",-13,-13,0,62,27,ERROR,23,27
2025-10-18 10:33,"02:30, Нийслэл, Улаанбаатар",-11,-15,1,68,27,ERROR,39,60
2025-10-18 11:17,"03:10, Нийслэл, Улаанбаатар",-11,-15,2,68,27,ERROR,63,58
2025-10-18 11:43,"03:40, Нийслэл, Улаанбаатар",-10,-15,2,68,27,ERROR,63,58
2025-10-18 11:51,"03:50, Нийслэл, Улаанбаатар",-10,-15,2,68,27,ERROR,63,58
2025-10-18 12:15,"04:10, Нийслэл, Улаанбаатар",-9,-15,3,67,27,ERROR,99,43
2025-10-18 12:39,"04:30, Нийслэл, Улаанбаатар",-9,-14,3,67,27,ERROR,99,43
2025-10-18 12:48,"04:30, Нийслэл, Улаанбаатар",-9,-14,3,67,27,ERROR,99,43
2025-10-18 13:12,"05:10, Нийслэл, Улаанбаатар",-9,-14,3,70,27,ERROR,51,28
2025-10-18 13:31,"05:20, Нийслэл, Улаанбаатар",-9,-14,3,69,27,ERROR,51,28
2025-10-18 13:48,"05:40, Нийслэл, Улаанбаатар",-8,-14,3,70,27,ERROR,51,28
2025-10-18 14:18,"06:00, Нийслэл, Улаанбаатар",-8,-12,2,72,27,ERROR,28,21
2025-10-18 14:44,"06:40, Нийслэл, Улаанбаатар",-8,-11,1,69,27,ERROR,28,21
2025-10-18 14:52,"06:50, Нийслэл, Улаанбаатар",-8,-14,3,70,27,ERROR,28,21
2025-10-18 15:12,"07:10, Нийслэл, Улаанбаатар",-8,-14,3,55,27,ERROR,28,19
2025-10-18 15:26,"07:20, Нийслэл, Улаанбаатар",-8,-14,3,53,27,ERROR,24,19
2025-10-18 15:35,"07:30, Нийслэл, Улаанбаатар",-8,-14,3,53,27,ERROR,24,19
2025-10-18 15:48,"07:40, Нийслэл, Улаанбаатар",-8,-13,3,49,27,ERROR,24,19
2025-10-18 16:16,"08:10, Нийслэл, Улаанбаатар",-7,-12,3,43,27,ERROR,13,18
2025-10-18 16:41,"08:40, Нийслэл, Улаанбаатар",-8,-13,3,65,27,ERROR,13,18
2025-10-18 16:51,"08:50, Нийслэл, Улаанбаатар",-8,-14,4,66,27,ERROR,13,18
2025-10-18 17:13,"09:10, Нийслэл, Улаанбаатар",-8,-14,3,69,27,ERROR,22,16
2025-10-18 17:28,"09:00, Нийслэл, Улаанбаатар",-8,-14,4,69,27,ERROR,22,16
2025-10-18 17:38,"09:30, Нийслэл, Улаанбаатар",-9,-15,3,70,27,ERROR,22,16
2025-10-18 17:48,"09:40, Нийслэл, Улаанбаатар",-9,-15,3,72,27,ERROR,22,16
2025-10-18 18:13,"10:10, Нийслэл, Улаанбаатар",-10,-16,2,76,27,ERROR,20.1,17
2025-10-18 18:32,"10:20, Нийслэл, Улаанбаатар",-10,-15,2,77,27,ERROR,20.1,17
2025-10-18 18:48,"10:40, Нийслэл, Улаанбаатар",-11,-15,2,78,27,ERROR,20.1,17
2025-10-18 19:10,"11:00, Нийслэл, Улаанбаатар",-11,-16,2,78,27,ERROR,15.4,12.4
2025-10-18 19:23,"11:20, Нийслэл, Улаанбаатар",-11,-15,2,77,27,ERROR,15.4,12.4
2025-10-18 19:35,"11:30, Нийслэл, Улаанбаатар",-11,-14,1,79,27,ERROR,15.4,12.4
2025-10-18 19:48,"11:40, Нийслэл, Улаанбаатар",-11,-16,2,79,27,ERROR,15.4,12.4
2025-10-18 20:25,"12:00, Нийслэл, Улаанбаатар",-11,-15,2,78,27,ERROR,16.7,12.8
2025-10-18 20:58,"12:50, Нийслэл, Улаанбаатар",-11,-11,1,79,27,ERROR,16.7,12.8
2025-10-18 21:23,"13:00, Нийслэл, Улаанбаатар",-11,-11,0,79,27,ERROR,16.7,11.5
2025-10-18 21:37,"13:30, Нийслэл, Улаанбаатар",-12,-15,1,79,27,ERROR,16.7,11.5
2025-10-18 21:48,"13:40, Нийслэл, Улаанбаатар",-12,-16,1,79,27,ERROR,16.7,11.5
2025-10-18 22:11,"14:00, Нийслэл, Улаанбаатар",-12,-15,1,80,27,ERROR,28.3,9.8
2025-10-18 22:29,"14:20, Нийслэл, Улаанбаатар",-12,-12,1,81,27,ERROR,28.3,9.8
2025-10-18 22:39,"14:30, Нийслэл, Улаанбаатар",-12,-12,0,81,27,ERROR,28.3,9.8
2025-10-18 22:48,"14:40, Нийслэл, Улаанбаатар",-12,-12,0,81,27,ERROR,28.3,9.8
2025-10-18 23:12,"15:00, Нийслэл, Улаанбаатар",-13,-13,1,81,27,ERROR,36.9,18.9
2025-10-18 23:27,"15:00, Нийслэл, Улаанбаатар",-13,-13,1,81,27,ERROR,36.9,18.9
2025-10-18 23:36,"15:30, Нийслэл, Улаанбаатар",-12,-12,0,81,27,ERROR,36.9,18.9
2025-10-18 23:48,"15:40, Нийслэл, Улаанбаатар",-12,-12,0,80,27,ERROR,36.9,18.9
2025-10-19 00:14,"16:10, Нийслэл, Улаанбаатар",-12,-12,0,80,27,ERROR,70,30
2025-10-19 00:34,"16:30, Нийслэл, Улаанбаатар",-12,-12,0,81,27,ERROR,70,30
2025-10-19 00:49,"16:30, Нийслэл, Улаанбаатар",-12,-12,0,81,27,ERROR,70,30
2025-10-19 01:10,"16:50, Нийслэл, Улаанбаатар",-12,-12,0,77,27,ERROR,36.5,30
2025-10-19 01:26,"17:10, Нийслэл, Улаанбаатар",-12,-12,0,77,27,ERROR,36.5,33.9
2025-10-19 01:36,"17:30, Нийслэл, Улаанбаатар",-12,-16,1,75,27,ERROR,36.5,33.9
2025-10-19 01:48,"17:40, Нийслэл, Улаанбаатар",-12,-16,1,75,27,ERROR,36.5,33.9
2025-10-19 02:17,"18:10, Нийслэл, Улаанбаатар",-13,-16,1,74,27,ERROR,24.4,31.8
2025-10-19 02:42,"18:40, Нийслэл, Улаанбаатар",-12,-12,0,74,27,ERROR,24.4,31.8
2025-10-19 02:51,"18:40, Нийслэл, Улаанбаатар",-12,-12,0,74,27,ERROR,24.4,31.8
2025-10-19 03:09,"19:00, Нийслэл, Улаанбаатар",-13,-13,1,74,27,ERROR,16.3,23.6
2025-10-19 03:22,"19:20, Нийслэл, Улаанбаатар",-13,-13,0,76,27,ERROR,16.3,23.6
2025-10-19 03:34,"19:30, Нийслэл, Улаанбаатар",-13,-13,1,77,27,ERROR,16.3,23.6
2025-10-19 03:48,"19:40, Нийслэл, Улаанбаатар",-13,-13,0,76,27,ERROR,16.3,23.6
2025-10-19 04:13,"20:10, Нийслэл, Улаанбаатар",-14,-14,1,77,27,ERROR,29,23.6
2025-10-19 04:30,"20:20, Нийслэл, Улаанбаатар",-14,-14,0,77,27,ERROR,29,23.6
2025-10-19 04:40,"20:30, Нийслэл, Улаанбаатар",-14,-14,1,77,27,ERROR,29,23.6
2025-10-19 04:49,"20:30, Нийслэл, Улаанбаатар",-14,-14,1,77,27,ERROR,29,23.6
2025-10-19 05:11,"21:10, Нийслэл, Улаанбаатар",-14,-14,0,78,27,ERROR,29,23.6
2025-10-19 05:25,"21:20, Нийслэл, Улаанбаатар",-14,-14,0,78,27,ERROR,20.6,18.9
2025-10-19 05:34,"21:30, Нийслэл, Улаанбаатар",-14,-14,0,78,27,ERROR,20.6,18.9
2025-10-19 05:48,"21:40, Нийслэл, Улаанбаатар",-14,-14,0,79,27,ERROR,20.6,18.9
2025-10-19 06:12,"22:10, Нийслэл, Улаанбаатар",-14,-14,0,80,27,ERROR,18.9,22.3
2025-10-19 06:30,"22:20, Нийслэл, Улаанбаатар",-15,-15,0,80,27,ERROR,18.9,22.3
2025-10-19 06:40,"22:30, Нийслэл, Улаанбаатар",-14,-14,0,84,27,ERROR,18.9,22.3
2025-10-19 06:48,"22:40, Нийслэл, Улаанбаатар",-14,-14,0,82,27,ERROR,18.9,22.3
2025-10-19 07:12,"23:10, Нийслэл, Улаанбаатар",-15,-15,0,78,27,ERROR,38,27
2025-10-19 07:27,"23:20, Нийслэл, Улаанбаатар",-14,-14,1,78,27,ERROR,38,27
2025-10-19 07:36,"23:30, Нийслэл, Улаанбаатар",-15,-15,0,77,27,ERROR,38,27
2025-10-19 07:48,"23:40, Нийслэл, Улаанбаатар",-15,-15,0,77,27,ERROR,38,27
2025-10-19 09:11,"01:10, Нийслэл, Улаанбаатар",-12,-16,1,68,27,ERROR,59,47.7
2025-10-19 10:53,"02:40, Нийслэл, Улаанбаатар",-10,-10,1,62,27,ERROR,49,47.7
2025-10-19 11:42,"03:40, Нийслэл, Улаанбаатар",-9,-12,1,66,27,ERROR,27.9,60
2025-10-19 12:01,"03:50, Нийслэл, Улаанбаатар",-9,-14,2,66,27,ERROR,27.9,60
2025-10-19 12:34,"04:30, Нийслэл, Улаанбаатар",-8,-13,2,59,27,ERROR,27.9,60
2025-10-19 12:50,"04:40, Нийслэл, Улаанбаатар",-8,-13,3,59,27,ERROR,27.9,60
2025-10-19 13:13,"05:10, Нийслэл, Улаанбаатар",-7,-13,3,58,27,ERROR,52,38
2025-10-19 13:32,"05:30, Нийслэл, Улаанбаатар",-7,-14,4,59,27,ERROR,52,38
2025-10-19 13:48,"05:40, Нийслэл, Улаанбаатар",-7,-13,3,59,27,ERROR,52,38
2025-10-19 14:20,"06:10, Нийслэл, Улаанбаатар",-7,-12,3,61,27,ERROR,23,26
2025-10-19 14:44,"06:40, Нийслэл, Улаанбаатар",-7,-13,3,60,27,ERROR,23,26
2025-10-19 14:52,"06:50, Нийслэл, Улаанбаатар",-7,-13,3,59,27,ERROR,23,26
2025-10-19 15:12,"07:10, Нийслэл, Улаанбаатар",-7,-13,4,59,27,ERROR,33,17
2025-10-19 15:25,"07:20, Нийслэл, Улаанбаатар",-7,-12,3,59,27,ERROR,33,17
2025-10-19 15:34,"07:30, Нийслэл, Улаанбаатар",-7,-12,3,57,27,ERROR,33,17
2025-10-19 15:48,"07:40, Нийслэл, Улаанбаатар",-7,-12,3,57,27,ERROR,33,17
2025-10-19 16:16,"08:10, Нийслэл, Улаанбаатар",-7,-12,2,60,27,ERROR,25,14
2025-10-19 16:40,"08:30, Нийслэл, Улаанбаатар",-7,-11,2,60,27,ERROR,25,14
2025-10-19 16:48,"08:40, Нийслэл, Улаанбаатар",-7,-12,3,60,27,ERROR,25,14
2025-10-19 17:12,"09:10, Нийслэл, Улаанбаатар",-8,-13,3,62,27,ERROR,21,14
2025-10-19 17:27,"09:00, Нийслэл, Улаанбаатар",-8,-13,3,63,27,ERROR,21,14
2025-10-19 17:36,"09:30, Нийслэл, Улаанбаатар",-8,-11,1,63,27,ERROR,21,14
2025-10-19 17:48,"09:40, Нийслэл, Улаанбаатар",-8,-11,1,64,27,ERROR,21,14
2025-10-19 18:13,"10:10, Нийслэл, Улаанбаатар",-9,-14,2,68,27,ERROR,21,16
2025-10-19 18:32,"10:20, Нийслэл, Улаанбаатар",-9,-14,2,68,27,ERROR,22,16
2025-10-19 18:48,"10:40, Нийслэл, Улаанбаатар",-10,-10,1,70,27,ERROR,22,16
2025-10-19 19:10,"11:00, Нийслэл, Улаанбаатар",-10,-15,3,71,27,ERROR,21,15
2025-10-19 19:23,"11:20, Нийслэл, Улаанбаатар",-10,-13,1,73,27,ERROR,21,15
2025-10-19 19:35,"11:30, Нийслэл, Улаанбаатар",-10,-14,1,73,27,ERROR,21,15
2025-10-19 19:48,"11:40, Нийслэл, Улаанбаатар",-10,-14,1,73,27,ERROR,21,15
2025-10-19 20:25,"12:00, Нийслэл, Улаанбаатар",-11,-15,2,74,27,ERROR,34,15
2025-10-19 20:57,"12:50, Нийслэл, Улаанбаатар",-11,-14,1,75,27,ERROR,34,15
2025-10-19 21:22,"13:20, Нийслэл, Улаанбаатар",-11,-15,1,75,27,ERROR,39,12
2025-10-19 21:37,"13:20, Нийслэл, Улаанбаатар",-11,-15,1,75,27,ERROR,39,12
2025-10-19 21:48,"13:40, Нийслэл, Улаанбаатар",-12,-12,1,76,27,ERROR,39,12
2025-10-19 22:11,"14:10, Нийслэл, Улаанбаатар",-12,-16,1,77,27,ERROR,48,9
2025-10-19 22:28,"14:20, Нийслэл, Улаанбаатар",-12,-12,1,77,27,ERROR,48,9
2025-10-19 22:39,"14:30, Нийслэл, Улаанбаатар",-12,-12,1,77,27,ERROR,48,9
2025-10-19 22:48,"14:40, Нийслэл, Улаанбаатар",-12,-12,1,78,27,ERROR,48,9
2025-10-19 23:12,"15:10, Нийслэл, Улаанбаатар",-13,-16,1,77,27,ERROR,25.7,9
2025-10-19 23:27,"15:00, Нийслэл, Улаанбаатар",-12,-12,1,78,27,ERROR,25.7,9
2025-10-19 23:36,"15:30, Нийслэл, Улаанбаатар",-13,-13,1,78,27,ERROR,25.7,9
2025-10-19 23:48,"15:40, Нийслэл, Улаанбаатар",-13,-13,1,78,27,ERROR,25.7,9
2025-10-20 00:15,"16:10, Нийслэл, Улаанбаатар",-13,-13,0,78,27,ERROR,44.7,33.9
2025-10-20 00:35,"16:30, Нийслэл, Улаанбаатар",-13,-13,1,78,27,ERROR,44.7,33.9
2025-10-20 00:49,"16:30, Нийслэл, Улаанбаатар",-13,-13,1,78,27,ERROR,44.7,33.9
2025-10-20 01:11,"17:10, Нийслэл, Улаанбаатар",-13,-13,0,78,27,ERROR,50.7,25.7
2025-10-20 01:27,"17:20, Нийслэл, Улаанбаатар",-13,-13,0,77,27,ERROR,50.7,25.7
2025-10-20 01:37,"17:30, Нийслэл, Улаанбаатар",-13,-13,0,77,27,ERROR,50.7,25.7
2025-10-20 01:48,"17:40, Нийслэл, Улаанбаатар",-13,-13,0,77,27,ERROR,50.7,25.7
2025-10-20 02:17,"18:10, Нийслэл, Улаанбаатар",-13,-13,1,77,27,ERROR,78,16.3
2025-10-20 02:43,"18:40, Нийслэл, Улаанбаатар",-13,-13,1,75,27,ERROR,78,16.3
2025-10-20 02:51,"18:50, Нийслэл, Улаанбаатар",-13,-13,0,75,27,ERROR,78,16.3
2025-10-20 03:10,"19:00, Нийслэл, Улаанбаатар",-13,-17,1,75,27,ERROR,77,30.9
2025-10-20 03:23,"19:20, Нийслэл, Улаанбаатар",-13,-13,0,75,27,ERROR,77,30.9
2025-10-20 03:35,"19:30, Нийслэл, Улаанбаатар",-13,-18,1,75,27,ERROR,77,30.9
2025-10-20 03:48,"19:40, Нийслэл, Улаанбаатар",-14,-18,1,74,27,ERROR,77,30.9
2025-10-20 04:14,"20:10, Нийслэл, Улаанбаатар",-14,-17,1,75,27,ERROR,26.6,22.3
2025-10-20 04:31,"20:30, Нийслэл, Улаанбаатар",-14,-14,1,76,27,ERROR,26.6,22.3
2025-10-20 04:48,"20:40, Нийслэл, Улаанбаатар",-14,-14,1,75,27,ERROR,26.6,22.3
2025-10-20 05:11,"21:00, Нийслэл, Улаанбаатар",-14,-17,1,75,27,ERROR,23.2,22.7
2025-10-20 05:26,"21:20, Нийслэл, Улаанбаатар",-15,-15,0,78,27,ERROR,23.2,22.7
2025-10-20 05:35,"21:30, Нийслэл, Улаанбаатар",-15,-15,0,79,27,ERROR,23.2,22.7
2025-10-20 05:48,"21:40, Нийслэл, Улаанбаатар",-15,-15,0,80,27,ERROR,23.2,22.7
2025-10-20 06:12,"22:10, Нийслэл, Улаанбаатар",-14,-14,0,76,27,ERROR,18,26.6
2025-10-20 06:30,"22:20, Нийслэл, Улаанбаатар",-14,-14,1,75,27,ERROR,18,26.6
2025-10-20 06:48,"22:40, Нийслэл, Улаанбаатар",-15,-15,0,75,27,ERROR,18,26.6
2025-10-20 07:12,"23:10, Нийслэл, Улаанбаатар",-15,-18,1,76,27,ERROR,40,25.3
2025-10-20 07:27,"23:20, Нийслэл, Улаанбаатар",-14,-18,1,75,27,ERROR,40,25.3
2025-10-20 07:37,"23:20, Нийслэл, Улаанбаатар",-14,-18,1,75,27,ERROR,40,25.3
2025-10-20 07:48,"23:20, Нийслэл, Улаанбаатар",-14,-18,1,75,27,ERROR,40,25.3
2025-10-20 09:09,"01:00, Нийслэл, Улаанбаатар",-13,-18,2,68,27,ERROR,43,30
2025-10-20 10:52,"02:50, Нийслэл, Улаанбаатар",-9,-13,2,59,27,ERROR,20.6,30
2025-10-20 11:44,"03:40, Нийслэл, Улаанбаатар",-8,-12,2,57,27,ERROR,40,30
2025-10-20 12:03,"04:00, Нийслэл, Улаанбаатар",-7,-11,1,56,27,ERROR,40,30
2025-10-20 12:36,"04:20, Нийслэл, Улаанбаатар",-7,-10,1,56,27,ERROR,41,30
2025-10-20 12:50,"04:40, Нийслэл, Улаанбаатар",-6,-8,1,56,27,ERROR,41,30
2025-10-20 13:15,"05:10, Нийслэл, Улаанбаатар",-6,-6,0,59,27,ERROR,35,30
2025-10-20 13:34,"05:30, Нийслэл, Улаанбаатар",-5,-8,1,59,27,ERROR,35,30
2025-10-20 13:48,"05:40, Нийслэл, Улаанбаатар",-6,-10,2,56,27,ERROR,35,30
2025-10-20 14:21,"06:20, Нийслэл, Улаанбаатар",-5,-9,2,55,27,ERROR,86,38
2025-10-20 14:49,"06:30, Нийслэл, Улаанбаатар",-5,-10,2,52,27,ERROR,86,38
2025-10-20 15:15,"07:10, Нийслэл, Улаанбаатар",-5,-10,3,49,27,ERROR,86,38
2025-10-20 15:31,"07:10, Нийслэл, Улаанбаатар",-5,-10,3,49,27,ERROR,86,38
2025-10-20 15:48,"07:40, Нийслэл, Улаанбаатар",-5,-11,3,49,27,ERROR,86,38
2025-10-20 16:19,"07:40, Нийслэл, Улаанбаатар",-5,-11,3,49,27,ERROR,86,38
2025-10-20 16:45,"08:30, Нийслэл, Улаанбаатар",-5,-10,2,51,27,ERROR,86,38
2025-10-20 16:55,"08:50, Нийслэл, Улаанбаатар",-6,-10,2,51,27,ERROR,86,38
2025-10-20 17:18,"09:10, Нийслэл, Улаанбаатар",-6,-11,2,51,27,ERROR,86,38
2025-10-20 17:40,"09:30, Нийслэл, Улаанбаатар",-6,-10,2,51,27,ERROR,86,38
2025-10-20 17:49,"09:30, Нийслэл, Улаанбаатар",-6,-10,2,51,27,ERROR,86,38
2025-10-20 18:16,"10:10, Нийслэл, Улаанбаатар",-8,-11,2,56,27,ERROR,86,38
2025-10-20 18:43,"10:40, Нийслэл, Улаанбаатар",-8,-11,1,61,27,ERROR,86,38
2025-10-20 18:52,"10:40, Нийслэл, Улаанбаатар",-8,-11,1,61,27,ERROR,86,38
2025-10-20 19:12,"11:00, Нийслэл, Улаанбаатар",-9,-12,1,68,27,ERROR,86,38
2025-10-20 19:27,"11:20, Нийслэл, Улаанбаатар",-9,-9,1,71,27,ERROR,86,38
2025-10-20 19:37,"11:30, Нийслэл, Улаанбаатар",-9,-9,1,72,27,ERROR,86,38
2025-10-20 19:48,"11:40, Нийслэл, Улаанбаатар",-9,-9,0,72,27,ERROR,86,38
2025-10-20 20:29,"12:00, Нийслэл, Улаанбаатар",-10,-10,1,76,27,ERROR,25,28
2025-10-20 21:06,"13:00, Нийслэл, Улаанбаатар",-10,-10,0,75,27,ERROR,17,26
2025-10-20 21:40,"13:30, Нийслэл, Улаанбаатар",-10,-10,0,73,27,ERROR,33,10.3
2025-10-20 21:51,"13:40, Нийслэл, Улаанбаатар",-10,-10,0,73,27,ERROR,33,10.3
2025-10-20 22:13,"14:00, Нийслэл, Улаанбаатар",-9,-9,1,68,27,ERROR,65,26
2025-10-20 22:34,"14:30, Нийслэл, Улаанбаатар",-10,-10,0,70,27,ERROR,65,26
2025-10-20 22:51,"14:40, Нийслэл, Улаанбаатар",-11,-11,0,72,27,ERROR,65,26
2025-10-20 23:14,"15:10, Нийслэл, Улаанбаатар",-11,-11,0,75,27,ERROR,65,12
2025-10-20 23:32,"15:30, Нийслэл, Улаанбаатар",-11,-11,0,73,27,ERROR,65,12
2025-10-20 23:48,"15:30, Нийслэл, Улаанбаатар",-11,-11,0,73,27,ERROR,65,12
2025-10-21 00:17,"15:50, Нийслэл, Улаанбаатар",-11,-11,1,73,27,ERROR,64.4,28.3
2025-10-21 00:45,"16:40, Нийслэл, Улаанбаатар",-11,-11,1,71,27,ERROR,64.4,28.3
2025-10-21 00:55,"16:50, Нийслэл, Улаанбаатар",-12,-12,0,72,27,ERROR,64.4,28.3
2025-10-21 01:12,"17:10, Нийслэл, Улаанбаатар",-12,-15,1,70,27,ERROR,64.4,28.3
2025-10-21 01:30,"17:20, Нийслэл, Улаанбаатар",-12,-15,1,70,27,ERROR,64.4,28.3
2025-10-21 01:48,"17:40, Нийслэл, Улаанбаатар",-12,-12,1,70,27,ERROR,56.3,28.3
2025-10-21 02:21,"18:20, Нийслэл, Улаанбаатар",-12,-16,2,69,27,ERROR,56.3,28.3
2025-10-21 02:49,"18:40, Нийслэл, Улаанбаатар",-12,-17,2,69,27,ERROR,56.3,28.3
2025-10-21 03:11,"19:10, Нийслэл, Улаанбаатар",-12,-18,2,68,27,ERROR,56.3,28.3
2025-10-21 03:26,"19:20, Нийслэл, Улаанбаатар",-12,-16,1,68,27,ERROR,56.3,28.3
2025-10-21 03:36,"19:30, Нийслэл, Улаанбаатар",-12,-16,1,69,27,ERROR,56.3,28.3
2025-10-21 03:50,"19:40, Нийслэл, Улаанбаатар",-12,-18,2,69,27,ERROR,56.3,28.3
2025-10-21 04:18,"20:10, Нийслэл, Улаанбаатар",-13,-17,2,69,27,ERROR,56.3,20.1
2025-10-21 04:40,"20:30, Нийслэл, Улаанбаатар",-13,-17,2,69,27,ERROR,56.3,35.6
2025-10-21 04:52,"20:50, Нийслэл, Улаанбаатар",-13,-18,2,69,27,ERROR,56.3,37.8
2025-10-21 05:12,"21:10, Нийслэл, Улаанбаатар",-13,-18,2,68,27,ERROR,28.7,37.8
2025-10-21 05:28,"21:20, Нийслэл, Улаанбаатар",-13,-18,2,68,27,ERROR,28.7,39.5
2025-10-21 05:41,"21:30, Нийслэл, Улаанбаатар",-13,-19,2,68,27,ERROR,28.7,39.5
2025-10-21 05:49,"21:40, Нийслэл, Улаанбаатар",-13,-18,2,67,27,ERROR,28.7,39.5
2025-10-21 06:13,"22:10, Нийслэл, Улаанбаатар",-13,-19,2,67,27,ERROR,28.7,32.2
2025-10-21 06:33,"22:30, Нийслэл, Улаанбаатар",-13,-18,2,68,27,ERROR,50,32.2
2025-10-21 06:49,"22:40, Нийслэл, Улаанбаатар",-13,-19,3,68,27,ERROR,50,32.2
2025-10-21 07:13,"23:00, Нийслэл, Улаанбаатар",-13,-20,3,68,27,ERROR,40,31.3
2025-10-21 07:28,"23:20, Нийслэл, Улаанбаатар",-13,-20,3,67,27,ERROR,40,31.3
2025-10-21 07:38,"23:20, Нийслэл, Улаанбаатар",-13,-20,3,67,27,ERROR,40,31.3
2025-10-21 07:50,"23:40, Нийслэл, Улаанбаатар",-13,-18,2,67,27,ERROR,40,31.3
2025-10-21 09:06,"01:00, Нийслэл, Улаанбаатар",-11,-16,2,62,27,ERROR,57,34.3
2025-10-21 10:45,"02:40, Нийслэл, Улаанбаатар",-8,-13,3,52,27,ERROR,32,98
2025-10-21 11:31,"03:00, Нийслэл, Улаанбаатар",-8,-11,2,51,27,ERROR,26,105
2025-10-21 11:56,"03:50, Нийслэл, Улаанбаатар",-5,-9,2,47,27,ERROR,26,105
2025-10-21 12:17,"04:10, Нийслэл, Улаанбаатар",-5,-9,2,46,34,ERROR,26,98
2025-10-21 12:42,"04:40, Нийслэл, Улаанбаатар",-4,-7,2,43,34,ERROR,26,98
2025-10-21 12:50,"04:40, Нийслэл, Улаанбаатар",-4,-7,2,43,34,ERROR,26,98
2025-10-21 13:14,"05:10, Нийслэл, Улаанбаатар",-3,-7,2,43,32,ERROR,28,79
2025-10-21 13:35,"05:30, Нийслэл, Улаанбаатар",-3,-3,1,42,32,ERROR,28,79
2025-10-21 13:49,"05:30, Нийслэл, Улаанбаатар",-3,-3,1,42,32,ERROR,28,79
2025-10-21 14:22,"06:20, Нийслэл, Улаанбаатар",-2,-3,1,38,30,ERROR,29,43
2025-10-21 14:49,"06:40, Нийслэл, Улаанбаатар",-2,-4,1,38,30,ERROR,29,43
2025-10-21 15:17,"07:10, Нийслэл, Улаанбаатар",-1,-4,2,39,34,ERROR,26,30
2025-10-21 15:32,"07:30, Нийслэл, Улаанбаатар",-1,-4,2,38,34,ERROR,26,30
2025-10-21 15:49,"07:40, Нийслэл, Улаанбаатар",-1,-4,1,40,34,ERROR,26,30
2025-10-21 16:21,"08:10, Нийслэл, Улаанбаатар",-2,-5,1,35,69,ERROR,48,43
2025-10-21 16:47,"08:40, Нийслэл, Улаанбаатар",-3,-7,2,38,69,ERROR,48,43
2025-10-21 17:17,"09:10, Нийслэл, Улаанбаатар",-3,-7,2,30,50,ERROR,54,52
2025-10-21 17:42,"09:40, Нийслэл, Улаанбаатар",-4,-8,2,43,50,ERROR,54,52
2025-10-21 17:52,"09:40, Нийслэл, Улаанбаатар",-4,-8,2,43,50,ERROR,54,52
2025-10-21 18:16,"10:10, Нийслэл, Улаанбаатар",-5,-9,2,47,36,ERROR,32,62
2025-10-21 18:39,"10:30, Нийслэл, Улаанбаатар",-6,-6,1,48,36,ERROR,32,62
2025-10-21 18:51,"10:50, Нийслэл, Улаанбаатар",-6,-6,0,53,36,ERROR,32,62
2025-10-21 19:13,"11:10, Нийслэл, Улаанбаатар",-7,-9,1,55,26,ERROR,23,31
2025-10-21 19:28,"11:20, Нийслэл, Улаанбаатар",-7,-7,1,55,26,ERROR,23,31
2025-10-21 19:39,"11:30, Нийслэл, Улаанбаатар",-7,-10,1,58,26,ERROR,23,31
2025-10-21 19:50,"11:40, Нийслэл, Улаанбаатар",-7,-10,1,58,26,ERROR,23,31
2025-10-21 20:31,"12:30, Нийслэл, Улаанбаатар",-9,-9,0,66,46,ERROR,32,14
2025-10-21 21:10,"13:00, Нийслэл, Улаанбаатар",-9,-9,0,68,46,ERROR,67,30
2025-10-21 21:45,"13:40, Нийслэл, Улаанбаатар",-10,-10,0,66,46,ERROR,67,30
2025-10-21 21:58,"13:50, Нийслэл, Улаанбаатар",-10,-10,0,66,46,ERROR,67,30
2025-10-21 22:22,"14:20, Нийслэл, Улаанбаатар",-10,-10,0,68,182,ERROR,67,61
2025-10-21 22:49,"14:40, Нийслэл, Улаанбаатар",-10,-10,0,69,182,ERROR,67,61
2025-10-21 22:53,"14:50, Нийслэл, Улаанбаатар",-11,-11,0,70,182,ERROR,67,61
2025-10-21 23:18,"15:10, Нийслэл, Улаанбаатар",-10,-10,0,70,182,ERROR,159,45
2025-10-21 23:33,"15:30, Нийслэл, Улаанбаатар",-10,-10,0,68,182,ERROR,159,45
2025-10-21 23:52,"15:50, Нийслэл, Улаанбаатар",-10,-14,2,61,182,ERROR,159,45
2025-10-22 00:20,"16:10, Нийслэл, Улаанбаатар",-10,-10,1,62,179,ERROR,149,67
2025-10-22 00:44,"16:40, Нийслэл, Улаанбаатар",-10,-10,0,64,179,ERROR,149,67
2025-10-22 00:55,"16:50, Нийслэл, Улаанбаатар",-11,-11,0,65,179,ERROR,149,67
2025-10-22 01:16,"17:10, Нийслэл, Улаанбаатар",-11,-11,1,62,179,ERROR,149,64
2025-10-22 01:32,"17:30, Нийслэл, Улаанбаатар",-12,-12,0,67,179,ERROR,142,64
2025-10-22 01:51,"17:40, Нийслэл, Улаанбаатар",-12,-12,0,66,179,ERROR,142,64
2025-10-22 02:21,"18:10, Нийслэл, Улаанбаатар",-11,-11,1,68,142,ERROR,93,54
2025-10-22 02:48,"18:40, Нийслэл, Улаанбаатар",-11,-15,1,62,142,ERROR,93,54
2025-10-22 03:13,"19:10, Нийслэл, Улаанбаатар",-12,-12,1,66,121,ERROR,108,26.2
2025-10-22 03:28,"19:20, Нийслэл, Улаанбаатар",-12,-12,1,65,121,ERROR,108,26.2
2025-10-22 03:39,"19:30, Нийслэл, Улаанбаатар",-12,-15,1,64,121,ERROR,108,26.2
2025-10-22 03:51,"19:40, Нийслэл, Улаанбаатар",-13,-13,0,67,121,ERROR,108,26.2
2025-10-22 04:17,"20:10, Нийслэл, Улаанбаатар",-13,-13,0,69,94,ERROR,54,65
2025-10-22 04:43,"20:40, Нийслэл, Улаанбаатар",-12,-16,1,68,94,ERROR,54,65
2025-10-22 04:51,"20:40, Нийслэл, Улаанбаатар",-12,-16,1,68,94,ERROR,54,65
2025-10-22 05:14,"21:10, Нийслэл, Улаанбаатар",-13,-13,1,65,73,ERROR,56,33
2025-10-22 05:30,"21:20, Нийслэл, Улаанбаатар",-13,-13,1,67,73,ERROR,56,33
2025-10-22 05:38,"21:30, Нийслэл, Улаанбаатар",-13,-17,1,66,73,ERROR,56,33
2025-10-22 05:49,"21:40, Нийслэл, Улаанбаатар",-13,-17,1,66,73,ERROR,56,33
2025-10-22 06:14,"22:00, Нийслэл, Улаанбаатар",-13,-16,1,64,33.5,ERROR,56,26.2
2025-10-22 06:31,"22:20, Нийслэл, Улаанбаатар",-13,-17,2,65,33.5,ERROR,34,26.2
2025-10-22 06:42,"22:40, Нийслэл, Улаанбаатар",-13,-13,1,66,33.5,ERROR,34,26.2
2025-10-22 06:50,"22:40, Нийслэл, Улаанбаатар",-13,-13,1,66,33.5,ERROR,34,26.2
2025-10-22 07:15,"23:10, Нийслэл, Улаанбаатар",-13,-13,1,65,74,ERROR,46,29.2
2025-10-22 07:31,"23:30, Нийслэл, Улаанбаатар",-13,-18,2,65,74,ERROR,46,29.2
2025-10-22 07:40,"23:30, Нийслэл, Улаанбаатар",-13,-18,2,65,74,ERROR,46,29.2
2025-10-22 07:49,"23:40, Нийслэл, Улаанбаатар",-13,-17,1,65,74,ERROR,46,29.2
2025-10-22 09:08,"01:00, Нийслэл, Улаанбаатар",-10,-14,1,57,92,ERROR,38,27.5
2025-10-22 10:49,"02:30, Нийслэл, Улаанбаатар",-8,-12,2,49,50,ERROR,30,94
2025-10-22 11:43,"03:30, Нийслэл, Улаанбаатар",-5,-9,1,45,31,ERROR,24,104
2025-10-22 11:59,"03:30, Нийслэл, Улаанбаатар",-5,-9,1,45,31,ERROR,24,104
2025-10-22 12:28,"03:30, Нийслэл, Улаанбаатар",-5,-9,1,45,30,ERROR,21,90
2025-10-22 12:44,"03:30, Нийслэл, Улаанбаатар",-5,-9,1,45,30,ERROR,21,90
2025-10-22 12:55,"03:30, Нийслэл, Улаанбаатар",-5,-9,1,45,30,ERROR,21,90
2025-10-22 13:15,"03:30, Нийслэл, Улаанбаатар",-5,-9,1,45,21,ERROR,18,73
2025-10-22 13:34,"03:30, Нийслэл, Улаанбаатар",-5,-9,1,45,21,ERROR,18,73
2025-10-22 13:50,"03:30, Нийслэл, Улаанбаатар",-5,-9,1,45,21,ERROR,18,73
2025-10-22 14:23,"06:20, Нийслэл, Улаанбаатар",-2,-2,1,38,19,ERROR,18,52
2025-10-22 14:50,"06:40, Нийслэл, Улаанбаатар",-1,-4,2,35,19,ERROR,18,52
2025-10-22 15:16,"07:10, Нийслэл, Улаанбаатар",-1,-4,2,34,70,ERROR,51,30
2025-10-22 15:32,"07:30, Нийслэл, Улаанбаатар",-2,-4,2,36,70,ERROR,51,30
2025-10-22 15:50,"07:40, Нийслэл, Улаанбаатар",-1,-4,2,37,70,ERROR,51,30
2025-10-22 16:21,"08:10, Нийслэл, Улаанбаатар",-2,-4,2,37,69,ERROR,69,41
2025-10-22 16:50,"08:40, Нийслэл, Улаанбаатар",-2,-5,2,40,69,ERROR,69,41
2025-10-22 17:17,"09:00, Нийслэл, Улаанбаатар",-2,-5,2,40,51,ERROR,70,56
2025-10-22 17:43,"09:40, Нийслэл, Улаанбаатар",-3,-5,1,37,51,ERROR,70,56
2025-10-22 17:51,"09:50, Нийслэл, Улаанбаатар",-4,-4,1,41,51,ERROR,70,56
2025-10-22 18:16,"10:10, Нийслэл, Улаанбаатар",-4,-4,0,45,48,ERROR,50,49
2025-10-22 18:44,"10:40, Нийслэл, Улаанбаатар",-5,-5,0,52,48,ERROR,50,49
2025-10-22 18:55,"10:50, Нийслэл, Улаанбаатар",-5,-5,0,53,48,ERROR,50,49
2025-10-22 19:14,"11:10, Нийслэл, Улаанбаатар",-6,-6,1,57,48,ERROR,36,29
2025-10-22 19:29,"11:20, Нийслэл, Улаанбаатар",-6,-6,0,57,48,ERROR,36,29
2025-10-22 19:40,"11:30, Нийслэл, Улаанбаатар",-7,-7,0,58,48,ERROR,36,29
2025-10-22 19:51,"11:40, Нийслэл, Улаанбаатар",-7,-7,0,57,48,ERROR,36,29
2025-10-22 20:32,"12:30, Нийслэл, Улаанбаатар",-8,-8,0,61,41,ERROR,39,26
2025-10-22 21:10,"12:50, Нийслэл, Улаанбаатар",-7,-7,0,60,107,ERROR,39,26
2025-10-22 21:44,"13:40, Нийслэл, Улаанбаатар",-8,-8,0,60,107,ERROR,80,38
2025-10-22 21:58,"13:50, Нийслэл, Улаанбаатар",-7,-10,1,57,107,ERROR,80,38
2025-10-22 22:20,"14:10, Нийслэл, Улаанбаатар",-7,-10,1,52,144,ERROR,84,50
